District,HospitalName,Area,Only_Hosp_Name,
Ariyalur,"CHC - A.S IMAGING CENTRE PVT LTD, ARIYALUR TN.",Ariyalur,"A.S IMAGING CENTRE PVT LTD, ARIYALUR TN.",
Ariyalur,CHC - ARIYALUR GOLDEN HOSPITAL PRIVATE LIMITED,Ariyalur,ARIYALUR GOLDEN HOSPITAL PRIVATE LIMITED,
Ariyalur,"CCC - Arts College, Ariyalur",Ariyalur,"Arts College, Ariyalur",
Ariyalur,"CCC - Community Hall, KK Colony",Ariyalur,"Community Hall, KK Colony",
Ariyalur,"CCC - Community Hall, Periyatheru",Kadugur,"Community Hall, Periyatheru",
Ariyalur,CHO - DHQH ARIYALUR,Ariyalur,DHQH ARIYALUR,
Ariyalur," CCC - Govt.Girls Hostel, Sendurai",Sendurai,"Govt.Girls Hostel, Sendurai",
Ariyalur,"CCC - Govt.Girls Hostel, Sendurai",Sendurai,"Govt.Girls Hostel, Sendurai",
Ariyalur," CCC - Govt.hostel campus, Jayankondam",Jayankondam,"Govt.hostel campus, Jayankondam",
Ariyalur,"CCC - Govt.hostel campus, Jayankondam",Jayankondam,"Govt.hostel campus, Jayankondam",
Ariyalur,"CCC - ITI Hostel, Ariyalur",Ariyalur,"ITI Hostel, Ariyalur",
Ariyalur,CHO - KVS Hospital Ariyalur Pvt Ltd,Valajanagaram,KVS Hospital Ariyalur Pvt Ltd,
Ariyalur,"CHO - New Life Critical Care Centre, Kurumbanchavadi",Ariyalur,"New Life Critical Care Centre, Kurumbanchavadi",
Ariyalur,CCC - PHC ANDIMADAM,Melaneduvai,PHC ANDIMADAM,
Ariyalur,ICCC - PHC ANDIMADAM,Melaneduvai,PHC ANDIMADAM,
Ariyalur,CCC - PHC KADUGUR,Kadugur,PHC KADUGUR,
Ariyalur,ICCC - PHC KADUGUR,Kadugur,PHC KADUGUR,
Ariyalur,CCC - PHC KALLANKURICHI,Kallankurichi,PHC KALLANKURICHI,
Ariyalur,CCC - PHC KUMIZHIYAM,Ariyalur,PHC KUMIZHIYAM,
Ariyalur,ICCC - PHC KUMIZHIYAM,Ariyalur,PHC KUMIZHIYAM,
Ariyalur,CCC - PHC MEENSURUTI,Meensurutty,PHC MEENSURUTI,
Ariyalur,ICCC - PHC MEENSURUTI,Meensurutty,PHC MEENSURUTI,
Ariyalur,CCC - PHC T.PALUR,Kodangudi North,PHC T.PALUR,
Ariyalur,ICCC - PHC T.PALUR,Kodangudi North,PHC T.PALUR,
Ariyalur,CCC - PHC THIRUMANUR,Thirumanur,PHC THIRUMANUR,
Ariyalur,ICCC - PHC THIRUMANUR,Thirumanur,PHC THIRUMANUR,
Ariyalur,CHC - SDH JAYANKONDAM,Jayankondam,SDH JAYANKONDAM,
Ariyalur,CHC - SDH SENDURAI,Sendurai,SDH SENDURAI,
Ariyalur,CHC - SDH UDAYARPALAYAM,Udayarpalayam,SDH UDAYARPALAYAM,
Ariyalur, CHC - Sembiyan Kulumuran pulmocare Research Clinic,Ariyalur,Sembiyan Kulumuran pulmocare Research Clinic,
Ariyalur,CHC - Sembiyan Kulumuran pulmocare Research Clinic,Ariyalur,Sembiyan Kulumuran pulmocare Research Clinic,
Ariyalur,"CHC - SR Hospital,Ariyalur",Ariyalur,"SR Hospital,Ariyalur",
Chengalpattu,CCC - Acharapakkam UGPHC,Thirumukkadu,Acharapakkam UGPHC,
Chengalpattu,ICCC - Acharapakkam UGPHC,Thirumukkadu,Acharapakkam UGPHC,
Chengalpattu,CCC - Annai Arul healthcare Pvt Ltd CCC (Golden swan hotel east tambaram),Old Perungalathur,Annai Arul healthcare Pvt Ltd CCC (Golden swan hotel east tambaram),
Chengalpattu,"CHC - Annai Arul Hospital, Old Perungalathur",Old Perungalathur,"Annai Arul Hospital, Old Perungalathur",
Chengalpattu," CHC - Arun Hospital, Medavakkam",Medavakkam,"Arun Hospital, Medavakkam",
Chengalpattu,"CHC - Arun Hospital, Medavakkam",Medavakkam,"Arun Hospital, Medavakkam",
Chengalpattu,"CHO - Astra Speciality Hospital, Sholinganallur",Semmancheri,"Astra Speciality Hospital, Sholinganallur",
Chengalpattu,"CHO - Avinash Hospitals, Kovilambakkam",Kovilambakkam,"Avinash Hospitals, Kovilambakkam",
Chengalpattu,CCC - Bharath Arts and science College hostel,Tiruvanchery,Bharath Arts and science College hostel,
Chengalpattu,CHC - Bharath Medical College and Hospital,Selaiyur,Bharath Medical College and Hospital,
Chengalpattu,CHO - Chengalpattu Medical College,Chengalpattu,Chengalpattu Medical College,
Chengalpattu,"CHC - Chennai Emergency Care Centre, Pammal",Pammal,"Chennai Emergency Care Centre, Pammal",
Chengalpattu,CHC - Chettinad Super Speciality Hospital,Kelambakkam,Chettinad Super Speciality Hospital,
Chengalpattu,CHC - Cheyyur GH,Cheyyur,Cheyyur GH,
Chengalpattu,"CHC - Christudas Orthopaedic Speciality Hospital,East Tambaram",Tambaram,"Christudas Orthopaedic Speciality Hospital,East Tambaram",
Chengalpattu,CHC - Chrompet GH,Chromepet,Chrompet GH,
Chengalpattu,"CHC - Daisy Hospital, Chitlapakkam",Chitlapakkam,"Daisy Hospital, Chitlapakkam",
Chengalpattu,CHC - DAS NURSING HOME,Pozhichalur,DAS NURSING HOME,
Chengalpattu,"CHC - Deepam Hospitals, West Tambaram",Tambaram,"Deepam Hospitals, West Tambaram",
Chengalpattu,"CCC - Dr.Rela Institute and Medical Centre, Chromepet",Chromepet,"Dr.Rela Institute and Medical Centre, Chromepet",
Chengalpattu,"CHC - Dr.Rela Institute and Medical Centre, Chromepet",Chromepet,"Dr.Rela Institute and Medical Centre, Chromepet",
Chengalpattu,CHC - Gajanan hospital pvt ltd,Tambaram,Gajanan hospital pvt ltd,
Chengalpattu,CHC - Gleneagles Global Health City,Perumbakkam,Gleneagles Global Health City,
Chengalpattu,CHC - Hindu Mission Health Service Nanganallur,Nanganalur,Hindu Mission Health Service Nanganallur,
Chengalpattu,"CHO - Hindu Mission Hospital, Tambaram",Tambaram,"Hindu Mission Hospital, Tambaram",
Chengalpattu,CCC - Idaikazhinadu UPHC,Edaikazhinadu,Idaikazhinadu UPHC,
Chengalpattu,ICCC - Idaikazhinadu UPHC,Edaikazhinadu,Idaikazhinadu UPHC,
Chengalpattu," CHC - Jawahar Hospital, Kadapperi",Tambaram,"Jawahar Hospital, Kadapperi",
Chengalpattu,"CHC - Jawahar Hospital, Kadapperi",Tambaram,"Jawahar Hospital, Kadapperi",
Chengalpattu,CHC - Jeevan Samyuktha Hospital,Thirutheri R.F.,Jeevan Samyuktha Hospital,
Chengalpattu,CHC - Karpaga Vinayaga Institute Of Medical Sciences & Research Center,Kolambakkam,Karpaga Vinayaga Institute Of Medical Sciences & Research Center,
Chengalpattu,"CHC - Kasthuri Hospital, West Tambaram",Tambaram,"Kasthuri Hospital, West Tambaram",
Chengalpattu,CHC - KATHIR MEMORIAL HOSPITAL PRIVATE LIMITED,Agaramthen,KATHIR MEMORIAL HOSPITAL PRIVATE LIMITED,
Chengalpattu,ICCC - Kelambakkam,Kelambakkam,Kelambakkam,
Chengalpattu,"CHC - KMS Health Centre Pvt Ltd, Chromepet",Chengalpattu,"KMS Health Centre Pvt Ltd, Chromepet",
Chengalpattu,"CHC - KMS Health Centre Pvt Ltd, Chromepet",Chromepet,"KMS Health Centre Pvt Ltd, Chromepet",
Chengalpattu,"CHC - KMS Health Centre Pvt Ltd, Selaiyur",Selaiyur,"KMS Health Centre Pvt Ltd, Selaiyur",
Chengalpattu,"CHC - LAKSHMI NURSING HOME, PALLAVARAM",Pallavaram,"LAKSHMI NURSING HOME, PALLAVARAM",
Chengalpattu,CHC - Madhuranthagam GH,Maduranthakam,Madhuranthagam GH,
Chengalpattu,CHC - Mahabalipuram GH,Mahabalipuram,Mahabalipuram GH,
Chengalpattu," CHC - Maruthi Multispeciality Hospital, Madhuranthagam",Maduranthakam,"Maruthi Multispeciality Hospital, Madhuranthagam",
Chengalpattu,"CHC - Maruthi Multispeciality Hospital, Madhuranthagam",Maduranthakam,"Maruthi Multispeciality Hospital, Madhuranthagam",
Chengalpattu,ICCC - Medavakkam,Medavakkam,Medavakkam,
Chengalpattu,CHC - Melmaruvathur Adhiparasakthi Iinstitute of Medical Sciences and Research,Melmaruvathur,Melmaruvathur Adhiparasakthi Iinstitute of Medical Sciences and Research,
Chengalpattu, CCC - Nandhivaram,Guduvanchery,Nandhivaram,
Chengalpattu,ICCC - Nandhivaram,Guduvanchery,Nandhivaram,
Chengalpattu,CCC - National Institute of Siddha,Tambaram Sanatoruim,National Institute of Siddha,
Chengalpattu, CCC - NIS SIDDHA COVID CARE CENTRE at SDNB VAISHNAVA COLLEGE CHROMEPET,Tambaram Sanatoruim,NIS SIDDHA COVID CARE CENTRE at SDNB VAISHNAVA COLLEGE CHROMEPET,
Chengalpattu,CCC - NIS SIDDHA COVID CARE CENTRE at SDNB VAISHNAVA COLLEGE CHROMEPET,Tambaram Sanatoruim,NIS SIDDHA COVID CARE CENTRE at SDNB VAISHNAVA COLLEGE CHROMEPET,
Chengalpattu,"CHC - One Health Hospital, Vandalur",Peerakankaranai,"One Health Hospital, Vandalur",
Chengalpattu,"CHC - Parvathy Hospital, Chromepet",Chromepet,"Parvathy Hospital, Chromepet",
Chengalpattu,CCC - Pavunjur UGPHC,Palur,Pavunjur UGPHC,
Chengalpattu,ICCC - Pavunjur UGPHC,Palur,Pavunjur UGPHC,
Chengalpattu,"CHC - RKP HOSPITAL,NANMANGALAM",Nanmangalam,"RKP HOSPITAL,NANMANGALAM",
Chengalpattu,"CHC - RLT Hospital, Madambakkam",Sembakkam,"RLT Hospital, Madambakkam",
Chengalpattu,CCC - Sadras UGPHC,Kalpakkam,Sadras UGPHC,
Chengalpattu,ICCC - Sadras UGPHC,Kalpakkam,Sadras UGPHC,
Chengalpattu,"CHC - Sai Fertility Centre & Hospital, Vedhachalam Nagar",Chengalpattu,"Sai Fertility Centre & Hospital, Vedhachalam Nagar",
Chengalpattu," CHC - Santhi Hospital, Neelangarai",Neelankarai,"Santhi Hospital, Neelangarai",
Chengalpattu,"CHC - Santhi Hospital, Neelangarai",Neelankarai,"Santhi Hospital, Neelangarai",
Chengalpattu,CHC - SHADITHYA HEALTH CARE,Pammal,SHADITHYA HEALTH CARE,
Chengalpattu,"CHC - Shanthi Hospital,Rajakilpakkam",Sembakkam,"Shanthi Hospital,Rajakilpakkam",
Chengalpattu,CHC - Shri Isari Velan Mission Hospital,Thazhambur,Shri Isari Velan Mission Hospital,
Chengalpattu,"CHC - Shri Maruthi Multispeciality Hospital, Madhuranthagam",Maduranthakam,"Shri Maruthi Multispeciality Hospital, Madhuranthagam",
Chengalpattu,CHC - Sree Balaji Medical college and Hospital,Chromepet,Sree Balaji Medical college and Hospital,
Chengalpattu,"CHC - Sree Ranga Hospital, Chengalpattu",Chengalpattu,"Sree Ranga Hospital, Chengalpattu",
Chengalpattu,"CHC - Sree Renga Hospital, Chengalpattu",Chengalpattu,"Sree Renga Hospital, Chengalpattu",
Chengalpattu,CHO - Sri kumaran a Speciality Hospital West Tambaram,Tambaram,Sri kumaran a Speciality Hospital West Tambaram,
Chengalpattu,"CHC - Sri Sathya Sai Medical College and Research Institute, Ammapettai",Ammapettai,"Sri Sathya Sai Medical College and Research Institute, Ammapettai",
Chengalpattu,CCC - SRM,Kattankulathur,SRM,
Chengalpattu,"CHC - SRM Medical College Hospital & Research Centre, Kattankulathur",Kattankulathur,"SRM Medical College Hospital & Research Centre, Kattankulathur",
Chengalpattu,"CCC - SRM, Nandhivaram ICCC",Kattankulathur,"SRM, Nandhivaram ICCC",
Chengalpattu,"CHC - Sudar Hospital, West Tambaram",Tambaram,"Sudar Hospital, West Tambaram",
Chengalpattu,"CHO - Sudar Hospitals, Hasthinapuram",Tambaram,"Sudar Hospitals, Hasthinapuram",
Chengalpattu,"CHC - Sugam Hospital, Chromepet",Pallavaram,"Sugam Hospital, Chromepet",
Chengalpattu,CHC - SUPREME SPECIALITY HOSPITAL. PADUR,Padur,SUPREME SPECIALITY HOSPITAL. PADUR,
Chengalpattu,"CHC - Tagore Medical College and Hospital, Rathinamangalam",Rathinamangalam,"Tagore Medical College and Hospital, Rathinamangalam",
Chengalpattu,"CHO - Tambaram Medical Center, East Tambaram",Tambaram,"Tambaram Medical Center, East Tambaram",
Chengalpattu,CHC - TB Sanitorium,Kadaperi,TB Sanitorium,
Chengalpattu,"CHC - TCS Centre, Sirucherry",Siruseri,"TCS Centre, Sirucherry",
Chengalpattu, CCC - Thaiyur TNCWWB Dormitory,Thaiyur,Thaiyur TNCWWB Dormitory,
Chengalpattu,CCC - Thaiyur TNCWWB Dormitory,Thaiyur,Thaiyur TNCWWB Dormitory,
Chengalpattu,CHC - Thirukalukundram GH,Thirukalukundram,Thirukalukundram GH,
Chengalpattu,CHC - Thiruporur GH,Thiruporur,Thiruporur GH,
Chengalpattu,"CHO - Unittas Multi Speciality Hospital, Tambaram",Tambaram,"Unittas Multi Speciality Hospital, Tambaram",
Chengalpattu, CCC - Zamin Endathur,Zamin Endathur,Zamin Endathur,
Chengalpattu,ICCC - Zamin Endathur,Zamin Endathur,Zamin Endathur,
Chennai," CHC - A.K.Hospital, Aminjikarai",Aminjikarai,"A.K.Hospital, Aminjikarai",
Chennai,"CHC - A.K.Hospital, Aminjikarai",Aminjikarai,"A.K.Hospital, Aminjikarai",
Chennai,"CHO - A.K.N. Nursing Homes, Kilpauk",Kilpauk,"A.K.N. Nursing Homes, Kilpauk",
Chennai,"CHO - A.N.N Hospital, Valasaravakkam*",Valasaravakkam,"A.N.N Hospital, Valasaravakkam*",
Chennai,"CHC - AAkash Fertility Centre & Hospital , No.10.100 Feet Road, Vadapalani,Chennai-26",Vadapalani,"AAkash Fertility Centre & Hospital , No.10.100 Feet Road, Vadapalani,Chennai-26",
Chennai,"CHO - Aakash Fertility Centre and Hospital, Vadapalani",Vadapalani,"Aakash Fertility Centre and Hospital, Vadapalani",
Chennai,"CHC - Aakash Hospital, Thiruvottiyur",Thiruvottiyur,"Aakash Hospital, Thiruvottiyur",
Chennai," CHC - Aashara Hospital, Anna Nagar*",Anna Nagar,"Aashara Hospital, Anna Nagar*",
Chennai,"CHC - Aashara Hospital, Anna Nagar*",Anna Nagar,"Aashara Hospital, Anna Nagar*",
Chennai," CHC - Achaya Hospital, Adambakkam",Adambakkam,"Achaya Hospital, Adambakkam",
Chennai,"CHC - Achaya Hospital, Adambakkam",Adambakkam,"Achaya Hospital, Adambakkam",
Chennai,"CHC - Aditya Kamaraja Hospital Pvt Ltd,Virugambakkam",Virugambakkam,"Aditya Kamaraja Hospital Pvt Ltd,Virugambakkam",
Chennai,"CHO - Amma Hospital, Sowrastra Nagar",Sowrastra Nagar,"Amma Hospital, Sowrastra Nagar",
Chennai,"CHC - Amrit Medical Centre,Purasawakkam",Purasaiwakkam,"Amrit Medical Centre,Purasawakkam",
Chennai,CHC - Anand Hospital,Manali,Anand Hospital,
Chennai,"CHC - Anbu Hospital, Velachery*",Velachery,"Anbu Hospital, Velachery*",
Chennai,"CHC - Anjakha Hospital, Madipakkam",Madipakkam,"Anjakha Hospital, Madipakkam",
Chennai,CCC - Anna Nagar ccc,Anna Nagar,Anna Nagar ccc,
Chennai,CHC - Anna Nagar Peripheral Hospital,Anna Nagar,Anna Nagar Peripheral Hospital,
Chennai,CCC - Anna  University - RGGGH (ZONE 13)( Police Department Staff),Kotturpuram,Anna University - RGGGH (ZONE 13)( Police Department Staff),
Chennai,CCC - Anna University (Police Block - RGGGH),Kotturpuram,Anna University (Police Block - RGGGH),
Chennai,"CHC - Annai Multispeciality Hospital, Virugambakkam",Virugambakkam,"Annai Multispeciality Hospital, Virugambakkam",
Chennai,CCC - Antarmana Care  Nungambakkam.,Nungambakkam,Antarmana Care Nungambakkam.,
Chennai, CHC - Apollo Children's  Hospitals (Age Less Than 16 Yrs),Thousand Lights,Apollo Children's Hospitals (Age Less Than 16 Yrs),
Chennai,CHC - Apollo Children's  Hospitals (Age Less Than 16 Yrs),Thousand Lights,Apollo Children's Hospitals (Age Less Than 16 Yrs),
Chennai,"CHC - Apollo Hospital, OMR, Perungudi",Perungudi,"Apollo Hospital, OMR, Perungudi",
Chennai,"CHO - Apollo Hospitals, Greams Road",Thousand Lights,"Apollo Hospitals, Greams Road",
Chennai,"CHC - Appasamy Hospitals, Arumbakkam",Arumbakkam,"Appasamy Hospitals, Arumbakkam",
Chennai,"CHC - ARC International Fertility & Research Centre Pvt. Ltd., Perambur",Perambur,"ARC International Fertility & Research Centre Pvt. Ltd., Perambur",
Chennai,"CHC - ARK Hospital, Velachery*",Velachery,"ARK Hospital, Velachery*",
Chennai,"CHO - Arokya Hospital, West K.K Nagar",Nesapakkam,"Arokya Hospital, West K.K Nagar",
Chennai,"CHC - Arul Children's Hospital, 179, SRP Colony Main Road, Periyar Nagar",Perambur,"Arul Children's Hospital, 179, SRP Colony Main Road, Periyar Nagar",
Chennai,"CHC - Arun Vijaya Hospitals, KK Nagar",K. K. Nagar,"Arun Vijaya Hospitals, KK Nagar",
Chennai,"CHC - Astra Ortho N Spine Care Hospital, Velachery",Velachery,"Astra Ortho N Spine Care Hospital, Velachery",
Chennai,"CHC - AVS Cardiac Centre,Triplicane",Triplicane,"AVS Cardiac Centre,Triplicane",
Chennai,CHO - Aysha Hospital,Kilpauk,Aysha Hospital,
Chennai,"CHC - B.M Hospital,Nanganallur",Nanganallur,"B.M Hospital,Nanganallur",
Chennai, CHO - B.R.S Hospital,Nungambakkam,B.R.S Hospital,
Chennai,CHO - B.R.S Hospital,Nungambakkam,B.R.S Hospital,
Chennai,"CCC - Babuji Memorial Ashram, Manappakkam",Manapakkam,"Babuji Memorial Ashram, Manappakkam",
Chennai," CHC - Balaji Hospital, Otteri",Purasaiwakkam,"Balaji Hospital, Otteri",
Chennai,"CHC - Balaji Hospital, Otteri",Purasaiwakkam,"Balaji Hospital, Otteri",
Chennai,CHC - Be Well Hospital Anna nagar,Anna Nagar West,Be Well Hospital Anna nagar,
Chennai,"CHC - Be Well Hospital, T.Nagar",T. Nagar,"Be Well Hospital, T.Nagar",
Chennai,"CHC - Be Well Hospitals, Ambattur",Ambattur,"Be Well Hospitals, Ambattur",
Chennai,"CHC - Be Well Hospitals, Ambattur",Ambattur,"Be Well Hospitals, Ambattur",
Chennai,"CHC - Bharathi Rajaa Hospital, T.Nagar",T. Nagar,"Bharathi Rajaa Hospital, T.Nagar",
Chennai,CCC - Bharathi Womens College - SMC (ZONE 5),George Town,Bharathi Womens College - SMC (ZONE 5),
Chennai,"CHC - Billroth Hospitals, Shenoy Nagar",Shenoy Nagar,"Billroth Hospitals, Shenoy Nagar",
Chennai," CHO - Biotin Covid Care Centre, Pallavaram",Pallavaram,"Biotin Covid Care Centre, Pallavaram",
Chennai,CHC - Bloom Health Care Hospital,Velachery,Bloom Health Care Hospital,
Chennai,"CCC - BM Covid Care Centre, BM Plastic Surgery Clinic",Mylapore,"BM Covid Care Centre, BM Plastic Surgery Clinic",
Chennai,"CHO - C & C Woman’s Hospital, Ayanavaram*",Ayanavaram,"C & C Woman’s Hospital, Ayanavaram*",
Chennai,"CHC - C.S.I Rainy Multi Speciality Hospital, Tondiarpet",Washermanpet,"C.S.I Rainy Multi Speciality Hospital, Tondiarpet",
Chennai,"CHC - C&C Woman’s Hospital, Care and Cure Speciality Hospital, Kilpauk",Kilpauk,"C&C Woman’s Hospital, Care and Cure Speciality Hospital, Kilpauk",
Chennai,CHC - CDH Tondiarpet,Tondiarpet,CDH Tondiarpet,
Chennai,"CHO - Chennai Meenakshi Multispeciality Hospital, Mylapore*",Mylapore,"Chennai Meenakshi Multispeciality Hospital, Mylapore*",
Chennai,"CHC - Chennai National Hospital, George Town",George Town,"Chennai National Hospital, George Town",
Chennai,"CHC - Chennai National Hospital,Ernavoor*",Ernavoor,"Chennai National Hospital,Ernavoor*",
Chennai,CHC - Chennai NationalHospital (Nichani-Royapuram),George Town,Chennai NationalHospital (Nichani-Royapuram),
Chennai,"CHC - Chennai Orthopedic Centre, Valasaravakkam",Valasaravakkam,"Chennai Orthopedic Centre, Valasaravakkam",
Chennai, CCC - Chennai trade centre CCC With O2 facility ( Step down facility for RGGH and GOMCH patients only) ,Nandambakkam,Chennai trade centre CCC With O2 facility ( Step down facility for RGGH and GOMCH patients only),
Chennai,CCC - Chennai trade centre CCC With O2 facility ( Step down facility for RGGH and GOMCH patients only) ,Nandambakkam,Chennai trade centre CCC With O2 facility ( Step down facility for RGGH and GOMCH patients only),
Chennai,"CHC - Chennai Urology and Robotics Institute Hospital, Thoraipakkam",Thoraipakkam,"Chennai Urology and Robotics Institute Hospital, Thoraipakkam",
Chennai,"CHC - City Tower Hospital,Anna Nagar",Anna Nagar,"City Tower Hospital,Anna Nagar",
Chennai,"CHC - City Tower Hospital,Anna Nagar",Anna Nagar,"City Tower Hospital,Anna Nagar",
Chennai," CHC - CM Hospital, Nanganallur",Nanganallur,"CM Hospital, Nanganallur",
Chennai,CHC - CSI Kalyani General Hospital,Mylapore,CSI Kalyani General Hospital,
Chennai, CCC - Don Bosco school ,Egmore,Don Bosco school,
Chennai,"CCC - Dr Ambedkar Arts college,/Siddha centre",Vyarsarpadi,"Dr Ambedkar Arts college,/Siddha centre",
Chennai,CHC - DR R MURALI,Unknown,DR R MURALI,
Chennai,"CHO - Dr. A. Ramachandran's Diabetes Hospitals, Egmore",Egmore,"Dr. A. Ramachandran's Diabetes Hospitals, Egmore",
Chennai,CHC - Dr.Kamakshi Memorial Hospital,Adyar,Dr.Kamakshi Memorial Hospital,
Chennai,"CHC - Dr.Mehta's Hospital, Chetpet",Chetpet,"Dr.Mehta's Hospital, Chetpet",
Chennai,"CCC - Dr.Shahs Clinic,T.Nagar",T. Nagar,"Dr.Shahs Clinic,T.Nagar",
Chennai,CHC -  Dr.V.Balaji Dr.V.Seshiah Diabetes care and Research Institute,Aminjikarai,Dr.V.Balaji Dr.V.Seshiah Diabetes care and Research Institute,
Chennai,"CHC - DRJ Hospitals(P) Ltd,Kolathur*",Kolathur,"DRJ Hospitals(P) Ltd,Kolathur*",
Chennai,"CHC - Esha Hospital,Old Washermenpet",Tondiarpet,"Esha Hospital,Old Washermenpet",
Chennai,CHC - ESI AYANAVARAM,Ayanavaram,ESI AYANAVARAM,
Chennai,"CHC - ESIC HOSPITAL,  K.K.NAGAR, CHENNAI",K. K. Nagar,"ESIC HOSPITAL, K.K.NAGAR, CHENNAI",
Chennai,"CHC - Eswar Medical Foundation, Kolathur",Kolathur,"Eswar Medical Foundation, Kolathur",
Chennai,"CHC - Ezhil Hospital, Tondiarpet",Tondiarpet,"Ezhil Hospital, Tondiarpet",
Chennai,"CHO - F.O.R. Ortho & Neuro Hospital, Kolathur",Kolathur,"F.O.R. Ortho & Neuro Hospital, Kolathur",
Chennai,CHC - Faith Multispecialty Hospital,Villivakkam,Faith Multispecialty Hospital,
Chennai,"CHC - Fertility Foundation (a unit of SISU HOSPITAL INDIA LTD), ",Ashok Nagar,"Fertility Foundation (a unit of SISU HOSPITAL INDIA LTD),",
Chennai," CHC - First Choice Health Center, Chrompet",Chromepet,"First Choice Health Center, Chrompet",
Chennai,"CHC - First Choice Health Center, Chrompet",Chromepet,"First Choice Health Center, Chrompet",
Chennai,CHO - FLAMINGO HEALTHCARE CENTRE,Ambattur,FLAMINGO HEALTHCARE CENTRE,
Chennai,"CHC - Fortis Healthcare Ltd, Vadapalani",Vadapalani,"Fortis Healthcare Ltd, Vadapalani",
Chennai,CHC - Fortis Malar Hospital,Adyar,Fortis Malar Hospital,
Chennai,CHC - Frontier Lifeline Hospital,Mogappair,Frontier Lifeline Hospital,
Chennai," CHC - G.R Hospital,Adambakkam",Adambakkam,"G.R Hospital,Adambakkam",
Chennai,"CHC - G.R Hospital,Adambakkam",Adambakkam,"G.R Hospital,Adambakkam",
Chennai,"CHO - GBR Fertility Centre and Hospitals, Mugappair West",Mogappair,"GBR Fertility Centre and Hospitals, Mugappair West",
Chennai," CHO - Gem Hospital, Perungudi",Perungudi,"Gem Hospital, Perungudi",
Chennai,"CHO - Gem Hospital, Perungudi",Perungudi,"Gem Hospital, Perungudi",
Chennai,"CHC - GeriCare, T Nagar",T. Nagar,"GeriCare, T Nagar",
Chennai," CHC - GG Hospital,Nungambakkam",Nungambakkam,"GG Hospital,Nungambakkam",
Chennai,"CHC - GG Hospital,Nungambakkam",Nungambakkam,"GG Hospital,Nungambakkam",
Chennai,CCC - Girishwari Covid Care Centre (Pine Tree Signature Hotel),Guindy,Girishwari Covid Care Centre (Pine Tree Signature Hotel),
Chennai,"CHC - Girishwari Hospital, Alwarpet",Alwarpet,"Girishwari Hospital, Alwarpet",
Chennai,"CHC - GKM Hospital (P) Ltd, Purasawalkam",Purasaiwakkam,"GKM Hospital (P) Ltd, Purasawalkam",
Chennai,"CHC - GOVERNMENT PERIPHERAL HOSPITAL, PERIYAR NAGAR - COVID HEALTH CENTRE",Perambur,"GOVERNMENT PERIPHERAL HOSPITAL, PERIYAR NAGAR - COVID HEALTH CENTRE",
Chennai,CHC - Govt Royapettah Hospital (GRH),Royapettah,Govt Royapettah Hospital (GRH),
Chennai,CHO - Govt.Corona Hospital Guindy,Guindy,Govt.Corona Hospital Guindy,
Chennai,CCC - Grand Residency,Velachery,Grand Residency,
Chennai,CHC - GUNASEKARAN HOSPITALS PVT LTD  T.NAGAR,T. Nagar,GUNASEKARAN HOSPITALS PVT LTD T.NAGAR,
Chennai,CCC - Gurunanak  School - KMC (ZONE 13),Velachery,Gurunanak  School - KMC (ZONE 13),
Chennai,CCC - Gurunank College,Velachery,Gurunank College,
Chennai,CHC - HEALTREE MULTISPECIALITY CENTRE AND HOSPITAL,Neelankarai,HEALTREE MULTISPECIALITY CENTRE AND HOSPITAL,
Chennai,"CHC - Helios Hospitals Pvt, Ltd, No.39, 7th Cross St, Velachery",Velachery,"Helios Hospitals Pvt, Ltd, No.39, 7th Cross St, Velachery",
Chennai,CCC - Hotel Greens,Tondiarpet,Hotel Greens,
Chennai,CCC - Hotel Jemini Inn Pvt. Ltd.,Unknown,Hotel Jemini Inn Pvt. Ltd.,
Chennai,CCC - Hotel Paramount Inn,Sriperumbudur,Hotel Paramount Inn,
Chennai,CCC - Hotel Southern Crest,T. Nagar,Hotel Southern Crest,
Chennai,"CHC - Hycare Super Speciality Hospital, Arumbakkam",Arumbakkam,"Hycare Super Speciality Hospital, Arumbakkam",
Chennai,CCC - IBIS Hotel,Sholinganallur,IBIS Hotel,
Chennai,"CCC - IIT,Madras - RGGGH (ZONE 13)",Guindy,"IIT,Madras - RGGGH (ZONE 13)",
Chennai,CCC - Inpam's City Royal Hospital,Valasaravakkam,Inpam's City Royal Hospital,
Chennai,CHC - Institute of Child Health and Hospital for Children (ONLY FOR CHILDREN),Egmore,Institute of Child Health and Hospital for Children (ONLY FOR CHILDREN),
Chennai,CHC - IOG (OG block ONLY for Pregnant Women),Egmore,IOG (OG block ONLY for Pregnant Women),
Chennai,CHC - IOG 2- RGGGH,Egmore,IOG 2- RGGGH,
Chennai,CHC - IOG 3-OMC,Egmore,IOG 3-OMC,
Chennai,"CHC - Iswarya Women's Hospital and Fertility Centre, Adyar",Adyar,"Iswarya Women's Hospital and Fertility Centre, Adyar",
Chennai,"CHC - Iswarya Women's Hospital and Fertility Centre, Ambattur",Ambattur,"Iswarya Women's Hospital and Fertility Centre, Ambattur",
Chennai,"CHC - Iswarya Women's Hospital and Fertility Centre, Kilpauk",Kilpauk,"Iswarya Women's Hospital and Fertility Centre, Kilpauk",
Chennai,"CHC - Iyyappa Hospitals and Diabetes Research Centre Pvt Ltd,Perambur",Perambur,"Iyyappa Hospitals and Diabetes Research Centre Pvt Ltd,Perambur",
Chennai,CCC - Jawahar engineering college - KMC (ZONE 10),Saligramam,Jawahar engineering college - KMC (ZONE 10),
Chennai,"CHO - Jayam Nursing Home, Old Washermenpet",Tondiarpet,"Jayam Nursing Home, Old Washermenpet",
Chennai,"CHC - JeevanJyothi General and Maternity Hospital Pvt Ltd, Manali",Manali,"JeevanJyothi General and Maternity Hospital Pvt Ltd, Manali",
Chennai,"CCC - Jerusalem College of Engineering, Pallikaranai",Pallikaranai,"Jerusalem College of Engineering, Pallikaranai",
Chennai,CHC - Jolen Hopsital,Sembakkam,Jolen Hopsital,
Chennai,"CHO - Joseph Hospitals, Chetpet",Chetpet,"Joseph Hospitals, Chetpet",
Chennai,CHO - Jyoti Hospital,Old Washermanpet,Jyoti Hospital,
Chennai,"CHC - K.C.Hospital, Avadi",Avadi,"K.C.Hospital, Avadi",
Chennai,"CHC - K.G.J Hospitals, Korattur",Korattur,"K.G.J Hospitals, Korattur",
Chennai,"CHC - K.P. Hospital, Adambakkam",Adambakkam,"K.P. Hospital, Adambakkam",
Chennai,CCC - Kallikuppam Nursing Home,Ambattur,Kallikuppam Nursing Home,
Chennai,"CHO - Kamaraj Multi  Speciality Hospital, Vadapalani",Vadapalani,"Kamaraj Multi Speciality Hospital, Vadapalani",
Chennai,CHC - Kanchi Kamakoti Childs Trust,Nungambakkam,Kanchi Kamakoti Childs Trust,
Chennai,"CHC - Kasthuri Health Care, Pammal",Anakaputhur,"Kasthuri Health Care, Pammal",
Chennai, CHO - Kauvery Hospital,Alwarpet,Kauvery Hospital,
Chennai,CHO - Kauvery Hospital,Alwarpet,Kauvery Hospital,
Chennai,"CHC - Kavitha Ortho and Multi Speciality Hospital,Chrompet",Chromepet,"Kavitha Ortho and Multi Speciality Hospital,Chrompet",
Chennai, CHO - Kck hospital Kolathur,Kolathur,Kck hospital Kolathur,
Chennai,"CHC - KCK Multispeciality Hospital,  Kolathur",Kolathur,"KCK Multispeciality Hospital, Kolathur",
Chennai,CHC - KGH I (ONLY for Pregnant Women),Triplicane,KGH I (ONLY for Pregnant Women),
Chennai,CHC - KGH OMC,Triplicane,KGH OMC,
Chennai,"CHC - Khm Hospial, Anna Nagar",Anna Nagar,"Khm Hospial, Anna Nagar",
Chennai,CHO - KILPAUK  MEDICAL COLLEGE,Kilpauk,KILPAUK MEDICAL COLLEGE,
Chennai,CCC - kilpauk Medical College-Athipattu (3RD BLOCK) (ZONE 8),Kilpauk,kilpauk Medical College-Athipattu (3RD BLOCK) (ZONE 8),
Chennai,CHC - KK Nagar Peripheral Hospital,Jafferkhanpet,KK Nagar Peripheral Hospital,
Chennai,"CHC - KM Speciality Hospitals,K.K.Nagar",K. K. Nagar,"KM Speciality Hospitals,K.K.Nagar",
Chennai," CHC - Kolasaraswathi Agarwal Samaj Health Centre,Purasaiwakkam",Purasaiwakkam,"Kolasaraswathi Agarwal Samaj Health Centre,Purasaiwakkam",
Chennai,"CHC - Kolasaraswathi Agarwal Samaj Health Centre,Purasaiwakkam",Purasaiwakkam,"Kolasaraswathi Agarwal Samaj Health Centre,Purasaiwakkam",
Chennai, CCC - KP park mmc,Pulianthope,KP park mmc,
Chennai,CCC - KP park mmc,Pulianthope,KP park mmc,
Chennai,CCC - KP Park omc,Pulianthope,KP Park omc,
Chennai,"CHC - Kumaran Hospitals, Kilpauk",Kilpauk,"Kumaran Hospitals, Kilpauk",
Chennai,"CHC - KVT Speciality Hospital, Erukanchery",Kodungaiyur,"KVT Speciality Hospital, Erukanchery",
Chennai,"CHC - Laksha Hospital, Royapettah",Royapettah,"Laksha Hospital, Royapettah",
Chennai,"CHC - Leela Specialty Hospital,Tiruvottiyur",Tiruvottiyur,"Leela Specialty Hospital,Tiruvottiyur",
Chennai,"CHC - Life Care DKJ Hospital, Villivakkam",Villivakkam,"Life Care DKJ Hospital, Villivakkam",
Chennai,"CHC - Life Care Hospital, Pudupet",Egmore,"Life Care Hospital, Pudupet",
Chennai,"CHC - Lifeline Rigid Hospitals (P) Ltd, Kilpauk",Kilpauk,"Lifeline Rigid Hospitals (P) Ltd, Kilpauk",
Chennai,"CHC - London Spine ,Sports &Ortho Centre, Virugambakkam",Virugambakkam,"London Spine ,Sports &Ortho Centre, Virugambakkam",
Chennai,CCC - London Spine Sport Ortho Centre,Virugambakkam,London Spine Sport Ortho Centre,
Chennai,"CHC - M R Hospital, Aminjikarai",Aminjikarai,"M R Hospital, Aminjikarai",
Chennai," CHC - M.S.Hospital,Villiwakkam",Villivakkam,"M.S.Hospital,Villiwakkam",
Chennai,"CHC - M.S.Hospital,Villiwakkam",Villivakkam,"M.S.Hospital,Villiwakkam",
Chennai,"CHC - M/s Apollo Hospitals, Tondiarpet",Tondiarpet,"M/s Apollo Hospitals, Tondiarpet",
Chennai,"CHC - M/s K.M. Hospital, Vyarsarpadi",Vyarsarpadi,"M/s K.M. Hospital, Vyarsarpadi",
Chennai,"CHO - Madha Pidha Hospital, Kovalam",Kovalam,"Madha Pidha Hospital, Kovalam",
Chennai,CHO - MADRAS MEDICAL COLLEGE,Tondiarpet,MADRAS MEDICAL COLLEGE,
Chennai,CHO - Mahalakshmi Hospital ,Ambattur,Mahalakshmi Hospital,
Chennai, CCC - Manjambakkam ,Manjambakkam,Manjambakkam,
Chennai,"CHC - Maya Nursing Home, Ashok Nagar",Ashok Nagar,"Maya Nursing Home, Ashok Nagar",
Chennai,"CHC - Medfirst Hospital No.129, JP Building",Anna Nagar,"Medfirst Hospital No.129, JP Building",
Chennai," CHC - Medgold Hospital, Thirumullaivoil",Thirumullaivoil,"Medgold Hospital, Thirumullaivoil",
Chennai," CHO - Medi Ocean Private Limited, T.Nagar",T. Nagar,"Medi Ocean Private Limited, T.Nagar",
Chennai,"CHO - Medi Ocean Private Limited, T.Nagar",T. Nagar,"Medi Ocean Private Limited, T.Nagar",
Chennai," CHO - Medway Hospitals, Mogappair West",Mogappair,"Medway Hospitals, Mogappair West",
Chennai,"CHO - Medway Hospitals, Mogappair West",Mogappair,"Medway Hospitals, Mogappair West",
Chennai,"CHC - Medway Women Centre, Kodambakkam",Kodambakkam,"Medway Women Centre, Kodambakkam",
Chennai, CCC - Meenakshi engineering college,Virugambakkam,Meenakshi engineering college,
Chennai,CCC - Meenakshi engineering college,Virugambakkam,Meenakshi engineering college,
Chennai,"CHC - Metro Male Clinic a unit of Gunasekaran Hospitals Pvt Ltd,Porur",Porur,"Metro Male Clinic a unit of Gunasekaran Hospitals Pvt Ltd,Porur",
Chennai,"CHC - MGM Healthcare Pvt Ltd, Aminjikarai",Aminjikarai,"MGM Healthcare Pvt Ltd, Aminjikarai",
Chennai,"CHO - Millennia Health Care Centre, Triplicane",Triplicane,"Millennia Health Care Centre, Triplicane",
Chennai,"CHC - Mint Hospitals, Adyar",Adyar,"Mint Hospitals, Adyar",
Chennai,CHO - MIOT HOSPITALS PRIVATE LIMTED,Manapakkam,MIOT HOSPITALS PRIVATE LIMTED,
Chennai,CCC - MMC RGGH-ATHIPATTU (ZONE 5),Athipattu,MMC RGGH-ATHIPATTU (ZONE 5),
Chennai,"CHC - MMRV Hospital, Mogappair West",Mogappair,"MMRV Hospital, Mogappair West",
Chennai,"CHC - Mohan Nursing Home,Villivakam",Villivakkam,"Mohan Nursing Home,Villivakam",
Chennai,"CHC - Mount Specialty Hospital Pvt Ltd,Adambakkam",Adambakkam,"Mount Specialty Hospital Pvt Ltd,Adambakkam",
Chennai,"CCC - MUFADDAL POLY CLINIC TRUST, ROYAPURAM",Royapuram,"MUFADDAL POLY CLINIC TRUST, ROYAPURAM",
Chennai,"CHC - Murugan Hospital, Kilpauk",Kilpauk,"Murugan Hospital, Kilpauk",
Chennai,"CHC - Muthu Hospital, Pulianthope High Road",Pulianthope,"Muthu Hospital, Pulianthope High Road",
Chennai," CHC - Mysaan Hospital, Mount Road",Triplicane,"Mysaan Hospital, Mount Road",
Chennai,"CHC - Mysaan Hospital, Mount Road",Triplicane,"Mysaan Hospital, Mount Road",
Chennai,"CHC - Nagamani Hospital,Old Washermenpet",Old Washermanpet,"Nagamani Hospital,Old Washermenpet",
Chennai,CHC - Nalam Hospital Pvt Ltd,Vyarsarpadi,Nalam Hospital Pvt Ltd,
Chennai,CCC - New Bharakadh Hidiya Mension,Unknown,New Bharakadh Hidiya Mension,
Chennai,"CHC - New Hope Multispeciality Hospital, Kilpauk",Kilpauk,"New Hope Multispeciality Hospital, Kilpauk",
Chennai,"CHC - New Life Hospital,Rajakilpakkam",Sembakkam,"New Life Hospital,Rajakilpakkam",
Chennai,"CHO - New Life Hospitals, Mogappair East",Mogappair,"New Life Hospitals, Mogappair East",
Chennai,"CHO - New Life Teja Hospital, Ambattur*",Ambattur,"New Life Teja Hospital, Ambattur*",
Chennai,"CHC - New Lifemed Hospital, Gopalapuram",Gopalapuram,"New Lifemed Hospital, Gopalapuram",
Chennai,"CHC - New Ruthran Hospital,Aynavaram",Ayanavaram,"New Ruthran Hospital,Aynavaram",
Chennai,"CHC - Nichani Hospital, Royapuram",Royapettah,"Nichani Hospital, Royapuram",
Chennai,CHC - NM FERTILITY CENTRE AND HOSPITAL,Madhavaram,NM FERTILITY CENTRE AND HOSPITAL,
Chennai,CHO - Noble Hospital,Purasaiwakkam,Noble Hospital,
Chennai,CHC - NRG Speciality Hospitals,Ramapuram,NRG Speciality Hospitals,
Chennai,CCC - NSTI Guindy - GCH  (ZONE 13),Guindy,NSTI Guindy - GCH (ZONE 13),
Chennai,CHO - OMANDURAR  MEDICAL COLLEGE,Triplicane,OMANDURAR MEDICAL COLLEGE,
Chennai,"CHC - Orthomed Hospital, Royapettah",Royapettah,"Orthomed Hospital, Royapettah",
Chennai,CHC - Oxymed Hospital,Nandanam,Oxymed Hospital,
Chennai,CHO - P & G NURSING HOME,Vadapalani,P & G NURSING HOME,
Chennai,CHO - P AND G NURSING HOME,Vadapalani,P AND G NURSING HOME,
Chennai, CHO - Padhuvai hospital ,Madipakkam,Padhuvai hospital,
Chennai,CHO - Padhuvai hospital ,Madipakkam,Padhuvai hospital,
Chennai,"CHO - Padhuvai hospital, Madipakkam",Madipakkam,"Padhuvai hospital, Madipakkam",
Chennai," CHC - Padma Clinic & Nursing Home,  Kilpauk",Kilpauk,"Padma Clinic & Nursing Home, Kilpauk",
Chennai,"CHC - Padma Clinic & Nursing Home,  Kilpauk",Kilpauk,"Padma Clinic & Nursing Home, Kilpauk",
Chennai,"CHC - Padmapriya Hospital, Adyar",Adambakkam,"Padmapriya Hospital, Adyar",
Chennai,"CHC - Padmini Nursing Home, Chetpet",Chetpet,"Padmini Nursing Home, Chetpet",
Chennai,"CHO - Pallava Hospital (P) Ltd, Ashok Nagar",Ashok Nagar,"Pallava Hospital (P) Ltd, Ashok Nagar",
Chennai,CHC - Pon Malligai Hospital Adambakkam,Adambakkam,Pon Malligai Hospital Adambakkam,
Chennai,"CHC - Pradeep Nursing Home, Puzuthivakkam",Puzhuthivakkam,"Pradeep Nursing Home, Puzuthivakkam",
Chennai,"CHO - Prakar Medical Centre, K.K.Nagar*",K. K. Nagar,"Prakar Medical Centre, K.K.Nagar*",
Chennai," CHC - Prasanth Hospitals, Velachery",Velachery,"Prasanth Hospitals, Velachery",
Chennai,"CHC - Prasanth Hospitals, Velachery",Velachery,"Prasanth Hospitals, Velachery",
Chennai,"CHC - Prashanth Fertility Research Centre, Chetpet",Chetpet,"Prashanth Fertility Research Centre, Chetpet",
Chennai,"CHC - Prashanth Fertility Research Centre, Chetpet",Chetpet,"Prashanth Fertility Research Centre, Chetpet",
Chennai,"CHC - Prime Indian Hospitals Pvt Ltd, Arumbakkam",Arumbakkam,"Prime Indian Hospitals Pvt Ltd, Arumbakkam",
Chennai, CHC - Privaram Health Centre Valasaravakkam,Valasaravakkam,Privaram Health Centre Valasaravakkam,
Chennai,CHC - Privaram Health Centre Valasaravakkam,Valasaravakkam,Privaram Health Centre Valasaravakkam,
Chennai,"CHC - Priya Nursing Home, Old Washermenpet",Old Washermanpet,"Priya Nursing Home, Old Washermenpet",
Chennai,CCC - Quad-e-millath Govt college,Triplicane,Quad-e-millath Govt college,
Chennai,"CHC - Radha Rajendran Hospital, Alandur",Alandur,"Radha Rajendran Hospital, Alandur",
Chennai,CHC - Rainbow children's hospital ,Guindy,Rainbow children's hospital,
Chennai,"CHC - Raju Hospital Pvt Ltd, T.Nagar",T. Nagar,"Raju Hospital Pvt Ltd, T.Nagar",
Chennai," CHC - Rakshith Hospital, Valasaravakkam",Valasaravakkam,"Rakshith Hospital, Valasaravakkam",
Chennai,"CHC - Rakshith Hospital, Valasaravakkam",Valasaravakkam,"Rakshith Hospital, Valasaravakkam",
Chennai,"CHC - Ramani Hospital,Ashok Nagar",Ashok Nagar,"Ramani Hospital,Ashok Nagar",
Chennai,"CHC - Ramarau Polyclinic, Kilpauk",Kilpauk,"Ramarau Polyclinic, Kilpauk",
Chennai,"CHO - Ranjith Hospital, Kellys",Kilpauk,"Ranjith Hospital, Kellys",
Chennai," CHC - Rathimed Speciality Hospital, Anna Nagar",Anna Nagar,"Rathimed Speciality Hospital, Anna Nagar",
Chennai,"CHC - Rathimed Speciality Hospital, Anna Nagar",Anna Nagar,"Rathimed Speciality Hospital, Anna Nagar",
Chennai,CHC - Regional Institute of Ophthalmology,Egmore,Regional Institute of Ophthalmology,
Chennai,"CHC - Retteri Sri Kumaran Health Centre, Kolathur",Kolathur,"Retteri Sri Kumaran Health Centre, Kolathur",
Chennai,CHO - Right Hospitals Pvt Ltd,Kilpauk,Right Hospitals Pvt Ltd,
Chennai,CCC - RK Senior Health Care,Porur,RK Senior Health Care,
Chennai,CCC - RKN Home,Unknown,RKN Home,
Chennai,"CHC - RLT Hospital, Gowriwakkam, Sembakkam",Sembakkam,"RLT Hospital, Gowriwakkam, Sembakkam",
Chennai,"CHC - RM Medcare ,Velachery",Velachery,"RM Medcare ,Velachery",
Chennai,CCC - RMD NURSING HOME,Mambalam,RMD NURSING HOME,
Chennai,"CHC - RPS Hospital, Korattur",Korattur,"RPS Hospital, Korattur",
Chennai,CHC - RSRM (FOR PREGNANT AND RECENTLY DELIVERED MOTHERS ONLY),Royapuram,RSRM (FOR PREGNANT AND RECENTLY DELIVERED MOTHERS ONLY),
Chennai,CHC - RSRM CEMONC,Kilpauk,RSRM CEMONC,
Chennai,"CHO - S.P. Hospital, Adambakkam",Adambakkam,"S.P. Hospital, Adambakkam",
Chennai,CHC - SAI SPEED HOSPITAL HOSPITALS - ARUMBAKKM,Arumbakkam,SAI SPEED HOSPITAL HOSPITALS - ARUMBAKKM,
Chennai,"CHC - Sakthi Hospital and Research Centre, Triplicane",Triplicane,"Sakthi Hospital and Research Centre, Triplicane",
Chennai,"CHO - Sanjana Speciality Hospital, Tondiarpet*",Tondiarpet,"Sanjana Speciality Hospital, Tondiarpet*",
Chennai,CCC - Saradha Childrens Academy,Kottivakkam,Saradha Childrens Academy,
Chennai,"CHC - Saraswathy Multi Speciality Hospitals, Madipakkam",Madipakkam,"Saraswathy Multi Speciality Hospitals, Madipakkam",
Chennai," CHO - Sathiya Hospital, Kolathur,",Kolathur,"Sathiya Hospital, Kolathur,",
Chennai,"CHO - Sathiya Hospital, Kolathur,",Kolathur,"Sathiya Hospital, Kolathur,",
Chennai,CHC - Sen Hospital,Perambur,Sen Hospital,
Chennai,"CHC - Senthil Priya Hospital, Kodungaiyur",Vyarsarpadi,"Senthil Priya Hospital, Kodungaiyur",
Chennai,"CHC - Shaarave Multispeciality Hospital, Sowcarpet",George Town,"Shaarave Multispeciality Hospital, Sowcarpet",
Chennai,"CHC - Shanmugam Multispeciality Hospital, Royapuram",Royapuram,"Shanmugam Multispeciality Hospital, Royapuram",
Chennai,"CHC - Shens Hospital, Ashok Nagar",Ashok Nagar,"Shens Hospital, Ashok Nagar",
Chennai, CHO - Shepherd Nursing Home,Peravallur,Shepherd Nursing Home,
Chennai,"CHC - Shree Lakshmi Clinic, Velachery",Velachery,"Shree Lakshmi Clinic, Velachery",
Chennai,CHC - SHRI POOJA MATERNITY CLINIC,Kodungaiyur,SHRI POOJA MATERNITY CLINIC,
Chennai," CHC - Shri Tanishq Nakshatra Multi Speciality Hospitals, Chennai",Tiruvottiyur,"Shri Tanishq Nakshatra Multi Speciality Hospitals, Chennai",
Chennai,"CHC - Shri Tanishq Nakshatra Multi Speciality Hospitals, Chennai",Tiruvottiyur,"Shri Tanishq Nakshatra Multi Speciality Hospitals, Chennai",
Chennai,CHO - Sims (Srm Institutes For Medical Science Hospital) Nungumbakkam,Nungambakkam,Sims (Srm Institutes For Medical Science Hospital) Nungumbakkam,
Chennai,"CHC - SIMS (SRM Institutes for Medical Science) Hospital, Vadapalani",Vadapalani,"SIMS (SRM Institutes for Medical Science) Hospital, Vadapalani",
Chennai,"CHC - Singhvi Health Center, Mint Street*",Sowcarpet,"Singhvi Health Center, Mint Street*",
Chennai,"CHC - Sivam Hospitals,",Ullagaram,"Sivam Hospitals,",
Chennai,"CHC - Sooriya Hospital, Saligramam",Saligramam,"Sooriya Hospital, Saligramam",
Chennai,"CHC - Southern Railway Hospital, New hospital complex, Ayanavaram",Ayanavaram,"Southern Railway Hospital, New hospital complex, Ayanavaram",
Chennai, CHC - SRI BALA NURSING HOME ,Perambur,SRI BALA NURSING HOME,
Chennai,CHC - SRI BALA NURSING HOME ,Perambur,SRI BALA NURSING HOME,
Chennai,"CHC - Sri Balaji Hospital, Guindy",Guindy,"Sri Balaji Hospital, Guindy",
Chennai,"CHC - Sri Chakra Multispecialty Hospital,Nanganallur",Nanganallur,"Sri Chakra Multispecialty Hospital,Nanganallur",
Chennai,"CHC - Sri Devi Hospitals, Anna Nagar",Anna Nagar,"Sri Devi Hospitals, Anna Nagar",
Chennai," CHC - Sri Esodha Hospital, Ayanavaram",Ayanavaram,"Sri Esodha Hospital, Ayanavaram",
Chennai,"CHC - Sri Esodha Hospital, Ayanavaram",Ayanavaram,"Sri Esodha Hospital, Ayanavaram",
Chennai,"CHC - Sri Esodha Hospital, Ayanavaram",Ayanavaram,"Sri Esodha Hospital, Ayanavaram",
Chennai,"CHC - Sri Hospitals, Tondiarpet",Tondiarpet,"Sri Hospitals, Tondiarpet",
Chennai," CHC - Sri Kumaran Hospital, Mylapore",Mylapore,"Sri Kumaran Hospital, Mylapore",
Chennai,"CHC - Sri Kumaran Hospital, Mylapore",Mylapore,"Sri Kumaran Hospital, Mylapore",
Chennai,"CHC - Sri Lakshmi Clinic and Maternity Centre, Purasawalkam",Purasaiwakkam,"Sri Lakshmi Clinic and Maternity Centre, Purasawalkam",
Chennai,"CHO - Sri Meenakshi nursing Home Pvt Ltd, West Mambalam",Mambalam,"Sri Meenakshi nursing Home Pvt Ltd, West Mambalam",
Chennai," CHC - Sri Narayana Medical Centre, Ambattur",Ambattur,"Sri Narayana Medical Centre, Ambattur",
Chennai,"CHC - Sri Narayana Medical Centre, Ambattur",Ambattur,"Sri Narayana Medical Centre, Ambattur",
Chennai,CHC - SRI RANGA HOSPITAL,Mylapore,SRI RANGA HOSPITAL,
Chennai,"CHC - Sri Singhvi Health Centre, Purasaivakkam",Purasaiwakkam,"Sri Singhvi Health Centre, Purasaivakkam",
Chennai,"CHC - Srinivas Priya Hospital, Perambur",Perambur,"Srinivas Priya Hospital, Perambur",
Chennai,"CHC - Srinivasa Hospital, Kodambakkam",Kodambakkam,"Srinivasa Hospital, Kodambakkam",
Chennai,CHC - SRINIVASAN RAJALAKSHMI MEMORIAL HOSPITAL,Nanganallur,SRINIVASAN RAJALAKSHMI MEMORIAL HOSPITAL,
Chennai," CHC - Srisai Subhramaniya Hospitals Pvt.Ltd,Thirumullaivoyal",Thirumullaivoil,"Srisai Subhramaniya Hospitals Pvt.Ltd,Thirumullaivoyal",
Chennai,"CHC - Srisai Subhramaniya Hospitals Pvt.Ltd,Thirumullaivoyal",Thirumullaivoil,"Srisai Subhramaniya Hospitals Pvt.Ltd,Thirumullaivoyal",
Chennai,"CHC - SRM Hospital Pvt. Ltd., West Mambalam",Mambalam,"SRM Hospital Pvt. Ltd., West Mambalam",
Chennai,"CHC - Srushti Hospital,Ramapuram*",Ramapuram,"Srushti Hospital,Ramapuram*",
Chennai,"CHC - SSS Hospital, 924.T.H.Road Tiruvotriyur",Thiruvottiyur,"SSS Hospital, 924.T.H.Road Tiruvotriyur",
Chennai,CHO - St. Thomas Hospital,St.Thomas Mount,St. Thomas Hospital,
Chennai,"CHC - St.Isabel Hospital, Mylapore",Mylapore,"St.Isabel Hospital, Mylapore",
Chennai,CHO - STANLEY  MEDICAL COLLEGE,George Town,STANLEY MEDICAL COLLEGE,
Chennai,CCC - Stanley medical college-Athipattu (2ND BLOCK) (ZONE 5),George Town,Stanley medical college-Athipattu (2ND BLOCK) (ZONE 5),
Chennai,"CHO - Starlight hospital, Tiruvanmiyur",Thiruvanmiyur,"Starlight hospital, Tiruvanmiyur",
Chennai," CHC - Subha Hospital, Infertility and Maternity Centre, Royapuram",Royapuram,"Subha Hospital, Infertility and Maternity Centre, Royapuram",
Chennai,"CHC - Subha Hospital, Infertility and Maternity Centre, Royapuram",Royapuram,"Subha Hospital, Infertility and Maternity Centre, Royapuram",
Chennai,"CHC - Subha Hospital, Infertility and Maternity Centre, Royapuram",Royapuram,"Subha Hospital, Infertility and Maternity Centre, Royapuram",
Chennai,CHO - Sudar Hospitals chromepet,Chromepet,Sudar Hospitals chromepet,
Chennai,CHC - SUDHA HOSPITAL,Royapuram,SUDHA HOSPITAL,
Chennai,"CHC - Sugam hospitals, Thiruvottiyur",Thiruvottiyur,"Sugam hospitals, Thiruvottiyur",
Chennai,CHC - SUGAN MATERNITY HOSPITAL,Neelankarai,SUGAN MATERNITY HOSPITAL,
Chennai,CHO - Sundaram Medical Foundation,Anna Nagar,Sundaram Medical Foundation,
Chennai,"CHO - Surya Hospital, Maraimalai Nagar",Maraimalai Nagar,"Surya Hospital, Maraimalai Nagar",
Chennai,"CHO - Susi Hospital, Thiruvottiyur",Thiruvottiyur,"Susi Hospital, Thiruvottiyur",
Chennai,CCC - Susrutha Integrated Fertility Maternity and Surgical Centr,Unknown,Susrutha Integrated Fertility Maternity and Surgical Centr,
Chennai," CHC - Swaram Medicare &Research Centre Pvt Ltd, Sholinganallur*",Thiruvanmiyur,"Swaram Medicare &Research Centre Pvt Ltd, Sholinganallur*",
Chennai,"CHC - Swaram Medicare &Research Centre Pvt Ltd, Sholinganallur*",Thiruvanmiyur,"Swaram Medicare &Research Centre Pvt Ltd, Sholinganallur*",
Chennai,"CHC - The Best Hospital Private Ltd, Kodambakkam",Kodambakkam,"The Best Hospital Private Ltd, Kodambakkam",
Chennai,"CHC - The Guest Hospital, Kilpauk",Kilpauk,"The Guest Hospital, Kilpauk",
Chennai,CHC - The Madras Medical Mission,Mogappair,The Madras Medical Mission,
Chennai,CHC - Tondiarpet Peripheral Hospital,Tondiarpet,Tondiarpet Peripheral Hospital,
Chennai,"CHC - TOSH Hospitals (P) Ltd, Kilpauk",Kilpauk,"TOSH Hospitals (P) Ltd, Kilpauk",
Chennai,CCC - Trinity Acute Care Hospital,Mylapore,Trinity Acute Care Hospital,
Chennai,"CHC - Trinity Acute Care Hospital, Mylapore",Mylapore,"Trinity Acute Care Hospital, Mylapore",
Chennai,"CHO - Trust Hospital,Kundrathur Road, Porur",Porur,"Trust Hospital,Kundrathur Road, Porur",
Chennai,"CHC - Trustlife Medical Centre, Panaiyur*",Panaiyur,"Trustlife Medical Centre, Panaiyur*",
Chennai,CCC - university of madras hostel -OMC (ZONE 13),Tharamani,university of madras hostel -OMC (ZONE 13),
Chennai," CHC - V.K. Hospital, Purasawalkam",Purasaiwakkam,"V.K. Hospital, Purasawalkam","Bharathiyar University, Coimbatore, Tamil Nadu 641046"
Chennai,"CHC - V.K. Hospital, Purasawalkam",Purasaiwakkam,"V.K. Hospital, Purasawalkam","The Scientific Fertiliser Company Pvt Ltd, 174, Mettupalayam Rd, Kuppakonam Pudur, Coimbatore, Tamil Nadu 641043"
Chennai, CHO - Vasantha hospital thiruvottiyur branch,Thiruvottiyur,Vasantha hospital thiruvottiyur branch,
Chennai,CHO - Vasantha hospital thiruvottiyur branch,Thiruvottiyur,Vasantha hospital thiruvottiyur branch,"Panapatti Rd, Chandrapuram, Tamil Nadu 641669"
Chennai,"CHO - Vasantha Hospital, Old Washermenpet",Old Washermanpet,"Vasantha Hospital, Old Washermenpet","Nehru Nagar West, Coimbatore, Tamil Nadu 641004"
Chennai,"CHC - Vasantha Subramanian Hospitals India Pvt Ltd, Chetpet",Chetpet,"Vasantha Subramanian Hospitals India Pvt Ltd, Chetpet",
Chennai," CHC - Vasanthi Hospital, Arumbakkam",Arumbakkam,"Vasanthi Hospital, Arumbakkam","Nagapattinam - Coimbatore - Gundlupet Hwy, Rajiv Gandhi Nagar, Uppilipalayam, Tamil Nadu 641005"
Chennai,"CHC - Vasanthi Hospital, Arumbakkam",Arumbakkam,"Vasanthi Hospital, Arumbakkam","Bharathiyar University, Coimbatore, Tamil Nadu 641046"
Chennai," CHC - Vasuki Nursing Home,Maduravoyal",Maduravoyal,"Vasuki Nursing Home,Maduravoyal","No.1619 A, Trichy Rd, Coimbatore, Tamil Nadu 641018"
Chennai,"CHC - Vasuki Nursing Home,Maduravoyal",Maduravoyal,"Vasuki Nursing Home,Maduravoyal","6/226-SRI SENTHUR, NGR St, Pogalur, Tamil Nadu 641697"
Chennai,CCC - Velammal Engineering College,Surapet,Velammal Engineering College,
Chennai," CHO - VELIICHAM HOSPITALS SELAIYUR, TAMBARAM EAST",Tambaram,"VELIICHAM HOSPITALS SELAIYUR, TAMBARAM EAST",
Chennai,"CHC - Venkataeswara Hospitals, Nandanam",Nandanam,"Venkataeswara Hospitals, Nandanam",
Chennai,"CHC - Vetri vhelava hospital, Porur",Porur,"Vetri vhelava hospital, Porur","Balaji Complex, 270/19, 7th St Ext, Gandhipuram, Tamil Nadu 641012"
Chennai," CHC - VHM Hospitals Pvt Ltd, Saligramam",Saligramam,"VHM Hospitals Pvt Ltd, Saligramam","Athipalayam Rd, Ramakrishnapuram, Chinnavedampatti, Coimbatore, Tamil Nadu 641049"
Chennai,"CHC - VHM Hospitals Pvt Ltd, Saligramam",Saligramam,"VHM Hospitals Pvt Ltd, Saligramam","Kuppakonam Pudur, Coimbatore, Tamil Nadu 641038"
Chennai,CCC - Victoria Hostel Presidency College (ZONE 9),Triplicane,Victoria Hostel Presidency College (ZONE 9),
Chennai,CHC - Vignesh Hospital,Porur,Vignesh Hospital,"701, Periyanaicken Palayam Road, Periyanaicken Palayam Road, Near Mahalakshmi Temple, Kasthurinaicken Palayam, Coimbatore, Tamil Nadu 641020"
Chennai,"CHC - Vihaa Hospital, Anna Nagar",Anna Nagar,"Vihaa Hospital, Anna Nagar","Sundharapuram, Coimbatore, Tamil Nadu 641024"
Chennai,"CHC - Vijais Nursing Home, West CIT Nagar",Saidapet,"Vijais Nursing Home, West CIT Nagar","Kallimadai, Coimbatore, Tamil Nadu 641023"
Chennai,CCC - Vijaya Group Of Hospital,Vadapalani,Vijaya Group Of Hospital,"Nallappa St, Mahalingapuram, Tamil Nadu 642002"
Chennai,CHC - Vijaya Hospital,Vadapalani,Vijaya Hospital,
Chennai,CHC - Voluntary Health Services,Tharamani,Voluntary Health Services,"Tatabad, Coimbatore, Tamil Nadu 641043"
Chennai," CCC - WCF Hospitals(HI Cure Health Care), T.Nagar*",T. Nagar,"WCF Hospitals(HI Cure Health Care), T.Nagar*","Palaniappa Nagar, Sowripalayam Pirivu, Coimbatore, Tamil Nadu 641045"
Chennai,"CCC - WCF Hospitals(HI Cure Health Care), T.Nagar*",T. Nagar,"WCF Hospitals(HI Cure Health Care), T.Nagar*","Dhanalakshmi Illam, 40/5, NH948, Annur, Tamil Nadu 641653"
Chennai,"CHC - WCF Hospitals(HI Cure Health Care), T.Nagar*",T. Nagar,"WCF Hospitals(HI Cure Health Care), T.Nagar*","Kinathukadavu, Tamil Nadu 642109"
Chennai, CCC - Wesley school ,Royapettah,Wesley school,"Kolarpatti, Tamil Nadu 642107"
Chennai, CCC - Wesley school ,Royapettah,Wesley school,"Kottur, Tamil Nadu 642007"
Chennai,"CHC - Westminster HealthCare,Nungambakkam",Nungambakkam,"Westminster HealthCare,Nungambakkam","Madukkarai, Tamil Nadu 641105"
Chennai," CHO - Yazhini Nursing Home, Agaram",Perambur,"Yazhini Nursing Home, Agaram","Periyanaickenpalayam - Keeranatham Rd, Periyanaickenpalayam, Tamil Nadu 641020"
Chennai,"CHO - Yazhini Nursing Home, Agaram",Perambur,"Yazhini Nursing Home, Agaram","Government Hospital, Sulur, Tamil Nadu 641402"
Coimbatore,"CHC - Abinand Hospital,Coimbatore TN.",Sundarapuram,"Abinand Hospital,Coimbatore TN.","Government Hospital, Narasipuram Rd, Thondamuthur, Tamil Nadu 641109"
Coimbatore, CCC - Anna University - UIT Educational Trust,Navavoor,Anna University - UIT Educational Trust,"9WXW+62 Iyerpadi, Tamil Nadu"
Coimbatore,CCC - Anna University - UIT Educational Trust,Navavoor,Anna University - UIT Educational Trust,"Hospital, 486, Kamarajar Rd, opp. varadarajapuram, ESI, Uppilipalayam, Tamil Nadu 641015"
Coimbatore,"CHC - ANP NURSING HOME, POOCHIYUR",Poochiyur,"ANP NURSING HOME, POOCHIYUR","Velandipalayam, Tamil Nadu 641038"
Coimbatore,CHC - Anurag Hospital,Sowri Palayam,Anurag Hospital,"358-360, Nehru St, Ram Nagar, Coimbatore, Tamil Nadu 641009"
Coimbatore,CHO - ARATHANA HOSPITAL,Pollachi,ARATHANA HOSPITAL,"1st St, Sivananda Colony, Tatabad, Coimbatore, Tamil Nadu 641012"
Coimbatore,ICCC - Arisipalayam,Arisipalayam,Arisipalayam,"Goldwins, Civil Aerodrome Post, Tamil Nadu 641014"
Coimbatore,CHO - ARUN HOSPITAL,Pollachi,ARUN HOSPITAL,
Coimbatore,CHO - ARVINDKUMAR. R,Unknown,ARVINDKUMAR. R,"Venkatasa Colony, Tamil Nadu 642001"
Coimbatore, CHC - ASD NURSING HOME,Mahalingapuram,ASD NURSING HOME,
Coimbatore,CHC - ASD NURSING HOME,Mahalingapuram,ASD NURSING HOME,"Gandhinagar, Koundampalayam, Coimbatore, Tamil Nadu 641030"
Coimbatore,CHO - ASHWIN HOSPITAL,Gandhipuram,ASHWIN HOSPITAL,
Coimbatore,CCC - Atlas Covid Care,Upplipalayam,Atlas Covid Care,"Jayanthi Nagar, Koundampalayam, Coimbatore, Tamil Nadu 641030"
Coimbatore, CHC - BALA MEDICAL CENTRE AND HOSPITAL,Ramanathapuram,BALA MEDICAL CENTRE AND HOSPITAL,
Coimbatore,CHC - BALA MEDICAL CENTRE AND HOSPITAL,Ramanathapuram,BALA MEDICAL CENTRE AND HOSPITAL,"5-6,E.B காலனி, காரமடை, Mettupalayam, Tamil Nadu 641104"
Coimbatore,CHO - BHAGIRATHI MEDICAL CENTRE AND HOSPITAL,Thudiyalur,BHAGIRATHI MEDICAL CENTRE AND HOSPITAL,"V2M4+MW Othakalmandapam, Tamil Nadu"
Coimbatore,CCC - Bharathiar University Coimbatore,Bharathiyar University,Bharathiar University Coimbatore,"4/422-2, Post, Saravana Nagar, Chinnamathampalayam, Bilichi, Tamil Nadu 641019"
Coimbatore,CHC - BRAGATHI HOSPITAL,New Siddhapudur,BRAGATHI HOSPITAL,
Coimbatore,CCC - BRAGATHI HOSPITAL (FOREST TRANSIT HOTEL),New Siddhapudur,BRAGATHI HOSPITAL (FOREST TRANSIT HOTEL),
Coimbatore," CHC - BRJ Ortho Centre & MAK Hospital, Mettupalayam Road",K.K.Pudur,"BRJ Ortho Centre & MAK Hospital, Mettupalayam Road","Mahatma Gandhi Rd, Kovaipudur, Tamil Nadu 641042"
Coimbatore,"CHC - BRJ Ortho Centre & MAK Hospital, Mettupalayam Road",K.K.Pudur,"BRJ Ortho Centre & MAK Hospital, Mettupalayam Road",
Coimbatore,CHC - C.R.I. HOSPITAL,Saravanampatti,C.R.I. HOSPITAL,
Coimbatore,CHC - Cardio Diabetic Centre,Ramanathapuram,Cardio Diabetic Centre,
Coimbatore,ICCC - Chandrapuram,Chandrapuram,Chandrapuram,
Coimbatore,CCC - Codissia CCC,Nehru Nagar,Codissia CCC,
Coimbatore, CCC - Codissia Siddha CCC,Nehru Nagar,Codissia Siddha CCC,
Coimbatore,CHC - COIMBATORE CHILD TRUST HOSPITAL,Singanallur,COIMBATORE CHILD TRUST HOSPITAL,
Coimbatore,CHC - Coimbatore Diabetes Foundation Hospital Pvt Ltd,Marudhamalai Adivaram,Coimbatore Diabetes Foundation Hospital Pvt Ltd,
Coimbatore,CHO - Coimbatore Medical College Hospital,Coimbatore,Coimbatore Medical College Hospital,
Coimbatore,ICCC - COVID MOTHER POSITIVE COVID CARE CENTRE-POGALUR,Pogalur,COVID MOTHER POSITIVE COVID CARE CENTRE-POGALUR,
Coimbatore,ICCC - COVID MOTHER POSSITIVE COVID CARE CENTRE-POGALUR,Pogalur,COVID MOTHER POSSITIVE COVID CARE CENTRE-POGALUR,
Coimbatore,CCC - CSR Hospital,Gandhipuram,CSR Hospital,
Coimbatore,CCC - CSR NURSING HOME COIMBATORE,Coimbatore,CSR NURSING HOME COIMBATORE,
Coimbatore, CHO - CSR NURSING HOME RAMANATHAPURAM BRANCH,Ramanathapuram,CSR NURSING HOME RAMANATHAPURAM BRANCH,
Coimbatore,CHO - CSR NURSING HOME RAMANATHAPURAM BRANCH,Ramanathapuram,CSR NURSING HOME RAMANATHAPURAM BRANCH,
Coimbatore,"CHC - CSR Nursing Home, Coimbatore TN.",Gandhipuram,"CSR Nursing Home, Coimbatore TN.",
Coimbatore,CHO - DEEPAM HOSPITAL,Ramanathapuram,DEEPAM HOSPITAL,
Coimbatore,"CHC - Dr.Muthus Hospital, Saravanampatti,Coimbatore TN.",Saravanampatti,"Dr.Muthus Hospital, Saravanampatti,Coimbatore TN.",
Coimbatore," CHC - Dr.Sengaliappan Nursing Home, Saibabacolony,",Saibaba Colony,"Dr.Sengaliappan Nursing Home, Saibabacolony,",
Coimbatore,"CHC - Dr.Sengaliappan Nursing Home, Saibabacolony,",Saibaba Colony,"Dr.Sengaliappan Nursing Home, Saibabacolony,",
Coimbatore,CCC - Dr.SK's Covid Care Centre ( Jump In & Out Hotel ),Civil Aerodrome Post,Dr.SK's Covid Care Centre ( Jump In & Out Hotel ),
Coimbatore,CHC - FATHIMA HOSPITALS,Podanur,FATHIMA HOSPITALS,
Coimbatore,CHC - FIMS HOSPITAL INCLUDING NACHAS HOTEL,Sundarapuram,FIMS HOSPITAL INCLUDING NACHAS HOTEL,
Coimbatore,CHO - G.kuppuswamy Naidu memorial hospital,P.N.Palayam,G.kuppuswamy Naidu memorial hospital,
Coimbatore, CHO - G.S.CHILD CARE CENTRE,Mahalingapuram,G.S.CHILD CARE CENTRE,
Coimbatore,CHO - G.S.CHILD CARE CENTRE,Mahalingapuram,G.S.CHILD CARE CENTRE,
Coimbatore,CHO - Ganapathy Polyclinic,Sundarapuram,Ganapathy Polyclinic,
Coimbatore,CHC - GANDHI MEDICAL CENTER,Koundampalayam,GANDHI MEDICAL CENTER,
Coimbatore,CHO - GANGA HOSPITAL,Saibaba Colony,GANGA HOSPITAL,
Coimbatore,CCC - GCT CCC,P.N.Pudur,GCT CCC,
Coimbatore,CHC - GEETHASREE HOSPITAL,Saravanampatti,GEETHASREE HOSPITAL,
Coimbatore,"CHC - Gem Hospital And Research Center,Coimbatore TN.",Ramanathapuram,"Gem Hospital And Research Center,Coimbatore TN.",
Coimbatore,CHC - GH Annur,Annur,GH Annur,
Coimbatore,CHC - GH Kinathukadavu,Kinathukadavu,GH Kinathukadavu,
Coimbatore,CHC - GH Kolarpatti,Kolarpatti,GH Kolarpatti,
Coimbatore,CHC - GH Kottur,Kottur,GH Kottur,
Coimbatore,CHC - GH Madukkarai,Madukkarai,GH Madukkarai,
Coimbatore,CHC - GH Mettupalayam,Mettupalayam,GH Mettupalayam,
Coimbatore,CHC - GH Perinaicken Palayam,Periyanaickenpalayam,GH Perinaicken Palayam,
Coimbatore,CHC - GH Sulur,Sulur,GH Sulur,
Coimbatore,CHC - GH Thondamuthur,Thondamuthur,GH Thondamuthur,
Coimbatore,CHC - GH Valparai,Valparai,GH Valparai,
Coimbatore,CCC - GH VETTAIKARANPUTHUR,VETTAIKARANPUTHUR,GH VETTAIKARANPUTHUR,
Coimbatore,CHO - Govt ESI Medical College and Hospital,Varadharajapuram,Govt ESI Medical College and Hospital,
Coimbatore,"CHC - Hindustan Hospital Udayapalayam Road,Coimbatore TN.",Velandipalayam,"Hindustan Hospital Udayapalayam Road,Coimbatore TN.",
Coimbatore,CHC - Hindustan Hospital undertaken by Mettupalayam GH,Mettupalayam,Hindustan Hospital undertaken by Mettupalayam GH,
Coimbatore,CCC - HOTEL ESS GRANDE (SPT HOSPITAL),Ram Nagar,HOTEL ESS GRANDE (SPT HOSPITAL),
Coimbatore,CCC - Hotel Kiscol Grand ,Tatabad,Hotel Kiscol Grand,
Coimbatore,CCC - HOTEL MAHI'S GATEWAY(VENKATESHWARA HOSPITAL),Civil Aerodrome Post,HOTEL MAHI'S GATEWAY(VENKATESHWARA HOSPITAL),
Coimbatore,CHC - HOTEL NACHAS (FIMS HOSPITAL),Sundarapuram,HOTEL NACHAS (FIMS HOSPITAL),
Coimbatore,"CCC - HOTEL SHAKTHI , POLLACHI",Pollachi,"HOTEL SHAKTHI , POLLACHI",
Coimbatore,"CCC - HOTEL SHAKTHI , POLLACHI",Pollachi,"HOTEL SHAKTHI , POLLACHI",
Coimbatore,CHO - HS Hospital,Koundampalayam,HS Hospital,
Coimbatore,CHO - K.G.M HOSPITAL PVT LTD,Chinniyampalayam,K.G.M HOSPITAL PVT LTD,
Coimbatore,"CHC - Kalpana Medical Ctr Kavundampalayam,Coimbatore TN.",Koundampalayam,"Kalpana Medical Ctr Kavundampalayam,Coimbatore TN.",
Coimbatore,ICCC - Kanchampatti,Kanchampatti,Kanchampatti,
Coimbatore,ICCC - Kanjampatti,Kanjampatti,Kanjampatti,
Coimbatore,ICCC - Karamadai,Karamadai,Karamadai,
Coimbatore,"CHC - Karpagam Hospital Mandapam,Coimbatore TN.",Othakalmandapam,"Karpagam Hospital Mandapam,Coimbatore TN.",
Coimbatore,CCC - Karunya College Mathampalayam,Bilichi,Karunya College Mathampalayam,
Coimbatore,"CHC - KG Hospital,Coimbatore TN.",Coimbatore,"KG Hospital,Coimbatore TN.",
Coimbatore,"CHC - KG Speciality Hospital, (K.Govindhasamy Naidu Annex Hospital) Coimbatore TN.",Saravanampatty,"KG Speciality Hospital, (K.Govindhasamy Naidu Annex Hospital) Coimbatore TN.",
Coimbatore, CHO - KJ HOSPITAL,Kovaipudur,KJ HOSPITAL,
Coimbatore,CHO - KJ HOSPITAL,Kovaipudur,KJ HOSPITAL,
Coimbatore,CCC - KJ HOSPITAL (FOREST TRANSIT HOTEL),New Siddhapudur,KJ HOSPITAL (FOREST TRANSIT HOTEL),
Coimbatore,"CHC - KMCH Kovilampalayam Hospital, Sathy Road TN.",Kovilpalayam,"KMCH Kovilampalayam Hospital, Sathy Road TN.",
Coimbatore,"CHC - Kongunad Hospital,Coimbatore TN.",Tatabad,"Kongunad Hospital,Coimbatore TN.",
Coimbatore,"CHO - Kongunad Kidney centre, Coimbatore ",Tatabad,"Kongunad Kidney centre, Coimbatore",
Coimbatore,CHO - KOUSHIKHA HOSPITAL,Podanur,KOUSHIKHA HOSPITAL,
Coimbatore," CHC - Koushikha Hospital, Sundarapuram",Podanur,"Koushikha Hospital, Sundarapuram",
Coimbatore,CCC - KOVAI COVID CARE,Saravanampatti,KOVAI COVID CARE,
Coimbatore,CHO - Kovai Diabetes Speciality Centre and Hospital,Ram Nagar,Kovai Diabetes Speciality Centre and Hospital,
Coimbatore,"CHC - Kovai Medical Center and Hospital,Coimbatore TN.",Civil Aerodrome Post,"Kovai Medical Center and Hospital,Coimbatore TN.",
Coimbatore," CHC - KPS Hospitals (P) Ltd., Annur Road, Mettupalayam",Mettupalayam,"KPS Hospitals (P) Ltd., Annur Road, Mettupalayam",
Coimbatore,"CHC - KPS Hospitals (P) Ltd., Annur Road, Mettupalayam",Mettupalayam,"KPS Hospitals (P) Ltd., Annur Road, Mettupalayam",
Coimbatore,"CHO - KR Hospital, Periyanaickenpalayam",Periyanaickenpalayam,"KR Hospital, Periyanaickenpalayam",
Coimbatore,CHC - KTVR GROUP HOSPITAL,Saibaba Colony,KTVR GROUP HOSPITAL,
Coimbatore, CCC - KUMARAGURU CCC,Chinnavedampatti,KUMARAGURU CCC,
Coimbatore,"CHC - Kumaran MedicalCentre,Kurumbapalyam,Coimbatore TN.",Ganapathy,"Kumaran MedicalCentre,Kurumbapalyam,Coimbatore TN.",
Coimbatore, CHC - L&L POLYCLINIC-MALUMICHAMPATTI,Malumichampatti,L&L POLYCLINIC-MALUMICHAMPATTI,
Coimbatore,CHC - L&L POLYCLINIC-MALUMICHAMPATTI,Malumichampatti,L&L POLYCLINIC-MALUMICHAMPATTI,
Coimbatore,CHC - LEO ORTHO CARE HOSPITEL,Ramanathapuram,LEO ORTHO CARE HOSPITEL,
Coimbatore,CHC - Manu Hospital,Sungam,Manu Hospital,
Coimbatore,CHC - Masonic Medical Centre for Children,Gopalapuram,Masonic Medical Centre for Children,
Coimbatore, CHC - MASONIC MEDICAL CENTRE FOR CHILDREN (ADMISSION ONLY FOR CHILDREN BELOW 18 YEARS குழந்தைகளுக்கு  மட்டும்),Gopalapuram,MASONIC MEDICAL CENTRE FOR CHILDREN (ADMISSION ONLY FOR CHILDREN BELOW 18 YEARS குழந்தைகளுக்கு மட்டும்),
Coimbatore,CHC - Mathi Hospital Pvt Ltd,Ganapathy,Mathi Hospital Pvt Ltd,
Coimbatore,CHC - MEDWIN HOSPITAL,Kallimadai,MEDWIN HOSPITAL,
Coimbatore,CHC - Mettupalayam GH,Mettupalayam,Mettupalayam GH,
Coimbatore, CHO - MOWTHI NURSING HOME P LTD ,Vadavalli,MOWTHI NURSING HOME P LTD,
Coimbatore,CHO - MOWTHI NURSING HOME P LTD ,Vadavalli,MOWTHI NURSING HOME P LTD,
Coimbatore, CHC - MRS HOSPITAL,Pollachi,MRS HOSPITAL,
Coimbatore,CHC - MRS HOSPITAL,Pollachi,MRS HOSPITAL,
Coimbatore,CHC - MRS HOSPITAL,Pollachi,MRS HOSPITAL,
Coimbatore,CCC - MUTHUS HOSPITAL (HOTEL RAKSHA GRAND),Saravanampatti,MUTHUS HOSPITAL (HOTEL RAKSHA GRAND),
Coimbatore,"CHC - N.M.Hospital, Coimbatore TN.",Annur,"N.M.Hospital, Coimbatore TN.",
Coimbatore,ICCC - Nallatipalayam,Thamaraikulam,Nallatipalayam,
Coimbatore,CHO - NATRAJ MEDICAL CENTRE (P) LTD,Unknown,NATRAJ MEDICAL CENTRE (P) LTD,
Coimbatore,ICCC - Negamum,Periya Negamam,Negamum,
Coimbatore, CHC - NG HOSPITAL (P) LTD AND RESEARCH CENTRE,Singanallur,NG HOSPITAL (P) LTD AND RESEARCH CENTRE,
Coimbatore,CHC - NG HOSPITAL (P) LTD AND RESEARCH CENTRE,Singanallur,NG HOSPITAL (P) LTD AND RESEARCH CENTRE,
Coimbatore,"CHC - NRP Hospitals,",Sundarapuram,"NRP Hospitals,",
Coimbatore,"CHC - One Care Medical Centre, Coimbatore TN.",Saibaba Colony,"One Care Medical Centre, Coimbatore TN.",
Coimbatore,"CCC - PA College, Pollachi",Pollachi,"PA College, Pollachi",
Coimbatore,CHO - PAVITHRA MEDICAL CENTRE,Chinnathadagam,PAVITHRA MEDICAL CENTRE,
Coimbatore, CCC - Periapodu,Periapodu,Periapodu,
Coimbatore,ICCC - Periapodu,Periapodu,Periapodu,
Coimbatore, CHC - PILLS HOSPITAL,Mahalingapuram,PILLS HOSPITAL,
Coimbatore,CHC - PILLS HOSPITAL,Mahalingapuram,PILLS HOSPITAL,
Coimbatore,CCC - PIONEER HOTEL ,Peelamedu,PIONEER HOTEL,
Coimbatore,CCC - PIONEER HOTEL -Nalam Covid Care Center,Peelamedu,PIONEER HOTEL -Nalam Covid Care Center,
Coimbatore,ICCC - Pogalur,Pogalur,Pogalur,
Coimbatore,CHO - Pollachi District Headquarters Hospital,Pollachi,Pollachi District Headquarters Hospital,
Coimbatore,CHO - PREETHI MEDICAL CENTRE AND HOSPITAL,Gandhipuram,PREETHI MEDICAL CENTRE AND HOSPITAL,
Coimbatore,CHC - Prema Hospital,Karumathampatti,Prema Hospital,
Coimbatore,"CHC - PSG Hospitals,Coimbatore TN.",Peelamedu,"PSG Hospitals,Coimbatore TN.",
Coimbatore, CCC - Puluvapatti,Pooluvapatti,Puluvapatti,
Coimbatore,ICCC - Puluvapatti,Pooluvapatti,Puluvapatti,
Coimbatore, CCC - RADISON BLU HOTEL (NG HOSPITAL),Masakalipalayam,RADISON BLU HOTEL (NG HOSPITAL),
Coimbatore,CCC - RADISON BLU HOTEL (NG HOSPITAL),Masakalipalayam,RADISON BLU HOTEL (NG HOSPITAL),
Coimbatore,CHO - RAJA HOSPITAL,Unknown,RAJA HOSPITAL,
Coimbatore,CHC - Ranjan Medical Centre Pvt Ltd,Arasur,Ranjan Medical Centre Pvt Ltd,
Coimbatore,CHC - RENI KIDNEY CARE,Pollachi,RENI KIDNEY CARE,
Coimbatore, CHC - RICHMOND HOSPITAL,Coimbatore,RICHMOND HOSPITAL,
Coimbatore,CHC - RICHMOND HOSPITAL,Coimbatore,RICHMOND HOSPITAL,
Coimbatore,CHC - Royal Care Hospitals CITY UNIT,Ram Nagar,Royal Care Hospitals CITY UNIT,
Coimbatore,"CHC - Royal Care Super Specialty Hospital,Coimbatore TN.",Neelambur,"Royal Care Super Specialty Hospital,Coimbatore TN.",
Coimbatore,CHC - RR HOSPITAL,Selvapuram,RR HOSPITAL,
Coimbatore,CHC - RUBHA MEDICAL CENTRE & HOSPITAL,Selvapuram,RUBHA MEDICAL CENTRE & HOSPITAL,
Coimbatore,ICCC - S.S.Kulam,Kovilpalayam,S.S.Kulam,
Coimbatore,"CHO - Saraswathi Hospital, Chinthamanipudur",Chinthamanipudur,"Saraswathi Hospital, Chinthamanipudur",
Coimbatore,"CHC - Sathya Medical Center, Coimbatore TN.",Tatabad,"Sathya Medical Center, Coimbatore TN.",
Coimbatore,"CHO - Seesha Karunya Community Hospital, Karunya Nagar",Booluvampatti,"Seesha Karunya Community Hospital, Karunya Nagar",
Coimbatore, CHC - SENTHIL HOSPITAL LLP,R.S.Puram,SENTHIL HOSPITAL LLP,
Coimbatore,CHC - SENTHIL HOSPITAL LLP,R.S.Puram,SENTHIL HOSPITAL LLP,
Coimbatore,CHC - SGK Hospital,Mettupalayam,SGK Hospital,
Coimbatore,CHC - SHREE SIVA COVID CARE CENTRE (THAIMOOKAMBIKAA LADIES HOSTEL),Saravanampatti,SHREE SIVA COVID CARE CENTRE (THAIMOOKAMBIKAA LADIES HOSTEL),
Coimbatore,"CHO - Shree Sivaa Hospital Pvt. Ltd,",Ganapathy,"Shree Sivaa Hospital Pvt. Ltd,",
Coimbatore,CHO - Shri Sakthi Nursing Home,Veerapandi Pirivu,Shri Sakthi Nursing Home,
Coimbatore,CHO - SLV HOSPITAL & CANCER CENTER,Ramanathapuram,SLV HOSPITAL & CANCER CENTER,
Coimbatore,CHC - SMF Hospital-Annur,Annur,SMF Hospital-Annur,
Coimbatore,CHO - SNEKARAM HOSPITAL,Selvapuram,SNEKARAM HOSPITAL,
Coimbatore,ICCC - Somanur,Somanur,Somanur,
Coimbatore,CHO - Sowmiya hospital,Karamadai,Sowmiya hospital,
Coimbatore,CHC - SRE ISHWARRYA HOSPITAL,R.S.Puram,SRE ISHWARRYA HOSPITAL,
Coimbatore,"CHC - Sree Abirami Hospital, Coimbatore TN.",Sundarapuram,"Sree Abirami Hospital, Coimbatore TN.",
Coimbatore,"CHC - Sri Balaji Hospital, Sundarapuram",Sundarapuram,"Sri Balaji Hospital, Sundarapuram",
Coimbatore, CHO - SRI LAKSHMI MEDICAL CENTRE AND HOSPITAL,Thudiyalur,SRI LAKSHMI MEDICAL CENTRE AND HOSPITAL,
Coimbatore,CHO - SRI LAKSHMI MEDICAL CENTRE AND HOSPITAL,Thudiyalur,SRI LAKSHMI MEDICAL CENTRE AND HOSPITAL,
Coimbatore,"CHC - Sri Ramakrishna Hospital,Coimbatore TN.",Siddhapudur,"Sri Ramakrishna Hospital,Coimbatore TN.",
Coimbatore,CCC - Srinivasa Kalayana Mandapam,Periyanaickenpalayam,Srinivasa Kalayana Mandapam,
Coimbatore,CHO - ST.MARY'S HOSPITAL,Podanur,ST.MARY'S HOSPITAL,
Coimbatore, CHC - SUPA HOSPITAL,Mettupalayam,SUPA HOSPITAL,
Coimbatore," CHC - Supa Hospital, Mettupalayam",Mettupalayam,"Supa Hospital, Mettupalayam",
Coimbatore,"CHC - Supa Hospital, Mettupalayam",Mettupalayam,"Supa Hospital, Mettupalayam",
Coimbatore,CHC - SURYA HOSPITAL,Unknown,SURYA HOSPITAL,
Coimbatore,CCC - Swasam covid specialty centre-hotel annamalai(sowmiya hospital),Coimbatore,Swasam covid specialty centre-hotel annamalai(sowmiya hospital),
Coimbatore,CHC - T.D. NAIR HOSPITAL,Anaimalai,T.D. NAIR HOSPITAL,
Coimbatore,ICCC - Thaliyur,Dhaliyur,Thaliyur,
Coimbatore, CCC - THE HOTEL ARCADIA (KOVAI MEDICAL CENTRE & HOSPITAL),Civil Aerodrome Post,THE HOTEL ARCADIA (KOVAI MEDICAL CENTRE & HOSPITAL),
Coimbatore,CCC - THE HOTEL ARCADIA (KOVAI MEDICAL CENTRE & HOSPITAL),Civil Aerodrome Post,THE HOTEL ARCADIA (KOVAI MEDICAL CENTRE & HOSPITAL),
Coimbatore,CHO - UMADEVI HOSPITAL,Thudiyalur,UMADEVI HOSPITAL,
Coimbatore,CCC - VALPARAI COVID CARE CENTER,Valparai,VALPARAI COVID CARE CENTER,
Coimbatore,CHC - Veeku Hospital,R.S.Puram,Veeku Hospital,
Coimbatore, CHO - VENKATESWARA HOSPITAL,Chinniyampalayam,VENKATESWARA HOSPITAL,
Coimbatore,CHO - VENKATESWARA HOSPITAL,Chinniyampalayam,VENKATESWARA HOSPITAL,
Coimbatore,CHC - VG HOSPITALS,Thudiyalur,VG HOSPITALS,
Coimbatore,CHO - VGM HOSPITAL,Singanallur,VGM HOSPITAL,
Coimbatore,CCC - Vidya Vikas CCC,Karamadai,Vidya Vikas CCC,
Coimbatore,CHC - VIKRAM ENT HOSPITAL RESEARCH INSTITUTE,R.S.Puram,VIKRAM ENT HOSPITAL RESEARCH INSTITUTE,
Coimbatore,"CHC - Vimal Jyothi Hospital, Saravanampatty",Saravanampatti,"Vimal Jyothi Hospital, Saravanampatty",
Coimbatore,CCC - WELCOM HOTEL-ITC (GKNM),P.N.Palayam,WELCOM HOTEL-ITC (GKNM),
Coimbatore,"CCC - WELLCARE COVID CARE (HOTEL NAVARATHNA, R.S.Puram)",R.S.Puram,"WELLCARE COVID CARE (HOTEL NAVARATHNA, R.S.Puram)",
Coimbatore,"CCC - WELLCARE COVID CARE (HOTEL NAVARATNA, R.S.Puram)",R.S.Puram,"WELLCARE COVID CARE (HOTEL NAVARATNA, R.S.Puram)",
Namakkal,CHC - ANNAI HOSPITAL,Thiruchengodu,ANNAI HOSPITAL,
Namakkal,"CHC - Annai Hospital, Tiruchengode*",Thiruchengodu,"Annai Hospital, Tiruchengode*",
Namakkal,CHC - Aravinth hospital,Namakkal,Aravinth hospital,
Namakkal,CCC - ARIGNAR ANNA ARTS COLLEGE CCC,Namakkal,ARIGNAR ANNA ARTS COLLEGE CCC,
Namakkal,"CCC - B.Ed College, Kumarapalayam",Komarapalayam,"B.Ed College, Kumarapalayam",
Namakkal,CCC - Belukurichi PHC,Belukurichi,Belukurichi PHC,
Namakkal,ICCC - Belukurichi PHC,Belukurichi,Belukurichi PHC,
Namakkal,"CCC - Brindavan Matric Hr School, Thuthiukulam",Thuthikulam,"Brindavan Matric Hr School, Thuthiukulam",
Namakkal,CCC - Erayamangalam PHC,Tiruchengode,Erayamangalam PHC,
Namakkal,ICCC - Erayamangalam PHC,Tiruchengode,Erayamangalam PHC,
Namakkal,CCC - ERNAPURAM PRIMARY HEALTH CENTRE,Eranapuram,ERNAPURAM PRIMARY HEALTH CENTRE,
Namakkal,ICCC - ERNAPURAM PRIMARY HEALTH CENTRE,Eranapuram,ERNAPURAM PRIMARY HEALTH CENTRE,
Namakkal,CCC - Erumapatty PHC,Erumapatti,Erumapatty PHC,
Namakkal,ICCC - Erumapatty PHC,Erumapatti,Erumapatty PHC,
Namakkal,CCC - Kabilarmalai PHC,Kabilarmalai,Kabilarmalai PHC,
Namakkal,ICCC - Kabilarmalai PHC,Kabilarmalai,Kabilarmalai PHC,
Namakkal,CCC - KKC CCC,Paramathi Velur,KKC CCC,
Namakkal,CCC - Kokkarayanpettai,Kokkarayanpettai,Kokkarayanpettai,
Namakkal,ICCC - Kokkarayanpettai,Kokkarayanpettai,Kokkarayanpettai,
Namakkal,CHC - KOLLIHILLS GH,Kolli Hills,KOLLIHILLS GH,
Namakkal,CHC - KOMARAPALAYAM  GH,Komarapalayam,KOMARAPALAYAM GH,
Namakkal,CCC - KSR CCC,Thiruchengodu,KSR CCC,
Namakkal,"CHC - Maharaja Speciality Hospital , Namakkal",Namakkal,"Maharaja Speciality Hospital , Namakkal",
Namakkal,"CHC - Malar Hospital, Rasipuram",Rasipuram,"Malar Hospital, Rasipuram",
Namakkal,CCC - Mallasamudram PHC,Mallasamudram,Mallasamudram PHC,
Namakkal,ICCC - Mallasamudram PHC,Mallasamudram,Mallasamudram PHC,
Namakkal,CHC - Manickam hospital,Rasipuram,Manickam hospital,
Namakkal,CCC - Manickampalayam PHC,Manickampalayam,Manickampalayam PHC,
Namakkal,ICCC - Manickampalayam PHC,Manickampalayam,Manickampalayam PHC,
Namakkal,CHC - MM Hospital,Namakkal,MM Hospital,
Namakkal,ICCC - Mohanur,Mohanur,Mohanur,
Namakkal,CCC - Nallur PHC,Nallur,Nallur PHC,
Namakkal,ICCC - Nallur PHC,Nallur,Nallur PHC,
Namakkal,CCC - NAMAGIRIPET,Namagiripet,NAMAGIRIPET,
Namakkal,ICCC - NAMAGIRIPET,Namagiripet,NAMAGIRIPET,
Namakkal,CHO - NAMAKKAL GH,Namakkal,NAMAKKAL GH,
Namakkal,CHO - NAMAKKAL MCH,Namakkal,NAMAKKAL MCH,
Namakkal,CCC - NKR CCC,Namakkal,NKR CCC,
Namakkal,CCC - O.Sowdapuram,Sowdapuram,O.Sowdapuram,
Namakkal,ICCC - O.Sowdapuram,Sowdapuram,O.Sowdapuram,
Namakkal,CHC - PALLIPALAYAM GH,Pallipalayam,PALLIPALAYAM GH,
Namakkal,CHC - PARAMATHI VELUR GH,Paramathi Velur,PARAMATHI VELUR GH,
Namakkal,CCC - Pillanallur PHC,Pillanallur,Pillanallur PHC,
Namakkal,ICCC - Pillanallur PHC,Pillanallur,Pillanallur PHC,
Namakkal,CCC - POWEKADU KOLLI HILLS,Kolli Hills,POWEKADU KOLLI HILLS,
Namakkal,ICCC - POWEKADU KOLLI HILLS,Kolli Hills,POWEKADU KOLLI HILLS,
Namakkal,CHC - RASIPURAM GH,Rasipuram,RASIPURAM GH,
Namakkal,CCC - SAKTHI CCC,Namakkal,SAKTHI CCC,
Namakkal,CHC - SAKTHI HOSPITAL,Namakkal,SAKTHI HOSPITAL,
Namakkal,CHC - SENDAMANGALAM GH,Sendamangalam,SENDAMANGALAM GH,
Namakkal,CCC - SENDHAMANGALAM GOVT ARTS COLLEGE CCC,Sendamangalam,SENDHAMANGALAM GOVT ARTS COLLEGE CCC,
Namakkal,CHC - SHREE AKHSHAYA HOSPITAL,Namakkal,SHREE AKHSHAYA HOSPITAL,
Namakkal,"CHC - Shree Akhshaya Hospital, Unit-2, Salem A Road",Namakkal,"Shree Akhshaya Hospital, Unit-2, Salem A Road",
Namakkal,CHC - Sivasakthi Hospital,Sendamangalam,Sivasakthi Hospital,
Namakkal,"CHC - Soorya Multispeciality Hospital, Thiruchengode",Thiruchengodu,"Soorya Multispeciality Hospital, Thiruchengode",
Namakkal,CHC - SRI BALAJI HOSPITAL,Namakkal,SRI BALAJI HOSPITAL,
Namakkal,CHC -  SRI RAGAVENDRA HOSPITAL,Namakkal,SRI RAGAVENDRA HOSPITAL,
Namakkal,CCC - SRV CCC,Rasipuram,SRV CCC,
Namakkal,CHC - Sumathi Childcare center & Hospital,Unknown,Sumathi Childcare center & Hospital,
Namakkal,CCC - Suriya CCC,Thiruchengodu,Suriya CCC,
Namakkal,CHC - Suriya Hospital,Rasipuram,Suriya Hospital,
Namakkal,"CHC - Surya Hospital, Rasipuram",Rasipuram,"Surya Hospital, Rasipuram",
Namakkal,"CHC - Swami Vivekanandha Medical College Hospital and R.I., Elayampalayam",Elayampalayam,"Swami Vivekanandha Medical College Hospital and R.I., Elayampalayam",
Namakkal,CHC - Thangam Hospital,Namakkal,Thangam Hospital,
Namakkal,CHC - THIRUKUMARAN HOSPITAL,Thiruchengodu,THIRUKUMARAN HOSPITAL,
Namakkal,CCC - THIRUVALLUVAR ARTS COLLEGE CCC,Rasipuram,THIRUVALLUVAR ARTS COLLEGE CCC,
Namakkal,CHC - TIRUCHENGODE GH,Thiruchengodu,TIRUCHENGODE GH,
Namakkal,"CHC - Varnashree Clinic, Kalappanaickanpatti",Kalappanaickanpatti,"Varnashree Clinic, Kalappanaickanpatti",
Namakkal,CHC - Varun Hospital,Rasipuram,Varun Hospital,
Namakkal,CHC - VENNANDHUR GH,Vennandhur,VENNANDHUR GH,
Namakkal,CHC - Visaalam Hospital,Pallipalayam,Visaalam Hospital,
Namakkal,"CHC - Vivekananda Medical Care Hospital, Tiruchengode",Thiruchengodu,"Vivekananda Medical Care Hospital, Tiruchengode",
Namakkal,CCC - VIVEKANANDHA SIDDHA CCC,Unknown,VIVEKANANDHA SIDDHA CCC,
Namakkal,CCC - VT Puram PHC,Vinaitheerthapuram,VT Puram PHC,
Namakkal,ICCC - VT Puram PHC,Vinaitheerthapuram,VT Puram PHC,
